ItemID,Sentiment,SentimentText
1,NEGATIVO,Con el amor de mi vida que no tengo lol
2,NEGATIVO,Ya se de donde salen las solteronas amargadas con gatos. Csm #LOL
3,NEGATIVO,@katinavitamina Mi pap√° me dijo que eso me va a dar a mi y les voy a terminar matando a todos v: LOL
4,NEGATIVO,@KristelArianaF LOL esas ‚Äúexperiencias‚Äù mantienen activa la econom√≠a. Pero la se√±o cree que la econom√≠a solo funciona teniendo beb√©s.
5,NEGATIVO,Y tiene TOTS ese tonto. Lol
6,NEGATIVO,"No puedes generar voluntad en las personas, m√°s f√°cil es hacer que jueguen DOTA en vez de LOL"
7,NEUTRO,"@magner_aguirre @EstebanNoboaC @juancarreno_ Lol nadie espera eso, pero reconocer que no es una serie diversa esta bien"
8,NEGATIVO,@twicejours Nunca se lo hice lol y ella me lo hizo
9,NEGATIVO,"Y yo estaba digamos que feliz ya que era mi cumplea√±os y dije bueno esperemos que hoy ser√° un d√≠a feliz pero pummm me llama mi hermana dici√©ndome que mi abuelita estaba demasiado delicada y que deb√≠a ir rapido para poder despedirme, en ese entonces estaba con mi ex lol"
10,NEGATIVO,Quien iba a decir que a m√≠ t√≠a le gusta Kuday. Lol
11,NEUTRO,Mi objetivo es hacer que cada vez m√°s amigos m√≠os comiencen a jugar lol xd
12,NEGATIVO,@SrChidori @mrborjacr @benjyfishygod @iamrafita1 @Ampeterby7 @TheGrefg @Goorgo De hecho s√≠ que te han retratado LOL
13,NEGATIVO,Lol una vez jugu√© con ellos xd https://t.co/CXJIKkyHgW
14,NEGATIVO,@Carlozczykowsky Ojal√° sea la regla lol paro no tan paroü§ê
15,NEUTRO,"@andromeda827 que pr√°ctico tbh, con hombres es un poco m√°s complicado (igual jam√°s es excusa lol)"
16,NEGATIVO,@pamelanunez98 LOL no me habia dado cuentaa jajaja es que tengo dos versiones guardadas en mi spotify
17,NEUTRO,@Alejand72277238 @tutiofifa @YouTube Si a mi tambi√©n creo se lo va hacer diariamente lol
18,NEGATIVO,"@PlumeriaRubra_ HAHAHAHAHA esa hp es relajo, y yo s√© que si bb, ahorita me voy a poner a hacer pasteles y braunis, y mierdas as√≠ con mi hermano que le agarr√≥ por comprar mil moldes y ha pasado las √∫ltimas dos semanas bakeando pasteles de zanahoria, le anda picando un poquito el qlo lol"
19,NEGATIVO,@MaJoseArmijos Ya me vi regalando el ps5 lol
20,NEGATIVO,"@EstebanNoboaC @juancarreno_ No creo que mi abuelo sea un ejemplo de lo correcto lol, pero tu no eres abuelo y tienes mentalidad de 1950 ü§∑üèª‚Äç‚ôÇÔ∏è Happy Pride Estebanüè≥Ô∏è‚Äçüåà‚ú®"
21,NEGATIVO,"@iVinuezaS Tlavwz dejes de llorar si lo repites mucho, eso me pas√≥ De igual ahora que lo volvi a ver despues de tiempo volvi a llorar lol"
22,NEGATIVO,"lol, a los ingenieros de sistema no les gusta que uno entienda a veces ciertas cosas mejor que ellos"
23,NEGATIVO,@turcacat Tu mejor shhh lol
24,NEGATIVO,@ADAC6991 @lollatam Lol rlly? Hahahaha si los supports est√°n bien ahora
25,NEGATIVO,"Media noche, todas las luces apagadas, fui a dejar mi celular cargando y veo desde la ventana a especie de criatura humanoide en la puerta del cerco de mi casa mirando fijamente en donde estaba yo, luego de unos minutos de mirarlos se volteo y se fue. Lol https://t.co/HXTQ1NwOIT"
26,NEGATIVO,JAJAJA LOL https://t.co/cGy451dsDt
27,NEGATIVO,Creo que muchos live de Lol en tan pocos d√≠as üòçüòçüòç
28,POSITIVO,https://t.co/oN9Jx9zd5O Vamo a darle un poco de salsa al lol ü§ôüèªü§ôüèªüëæüëæ
