,0
0,"Coronavirus en Argentina: 5 controversias de la estricta cuarentena en el pa√≠s sudamericano, que ya es m√°s larga que la de Wuhan ‚Äì BBC News Mundo https://t.co/C8LlQQzFX0"
1,"Contin√∫a la pol√©mica por las cifras del coronavirus en Brasil: la Universidad Johns Hopkins sac√≥ al pa√≠s de su monitoreo

https://t.co/QWBKp50tjL https://t.co/RnDeIdMjDd"
2,"Aqu√≠ les dejo el link  https://t.co/kTuoPA3r2t de 
Johns Hopkins University en donde  pueden visualizar los casos de coronavirus reportados en tiempo real.

¬†#Covid_19 #coronavirusenEcuador
#coronavirus #sabadodecuarentena
#cuarentena #DDay"
3,"Premier League: Los equipos limpios de #coronavirus de cara al reinicio de la temporada

M√°s detalles üëâüîó https://t.co/7POmBEX4BF"
4,"Un prestigioso m√©dico israel√≠ asegur√≥ que las redes sociales generaron ‚Äúuna reacci√≥n hist√©rica‚Äù contra el coronavirus, al que describi√≥ como ‚Äúsolo otra epidemia de gripe‚Äù https://t.co/DxqGWs3tWO"
5,@eluniversocom Y qu√© pas√≥ con la mentira del coronavirus ? M√°gicamente desapareci√≥ ?
6,"Acusan a gobierno brasile√±o de ""invisibilizar"" los muertos de coronavirus https://t.co/sDob16sjbu a trav√©s de @YahooNoticias"
7,"@RogerRodri No, no es cura para el Coronavirus. Es ant√≠doto para contrarrestar los males espirituales y como elixir de fortaleza en la convalecencia."
8,"Coronavirus: acusan al gobierno de Brasil de querer ""invisibilizar"" los muertos https://t.co/yIAv8vJPio via @LANACION"
9,#Ecuador: Salinas pasar√° a sem√°foro amarillo desde el lunes 8 de junio; acceso a las playas sigue prohibido || Diario El Comercio || https://t.co/YBZlcUgCOs https://t.co/K08D1AODFv
10,"Acusan a gobierno brasile√±o de ""invisibilizar"" los muertos de coronavirus https://t.co/pMCL8q3uI6"
11,@heleana @amancent77 @Gingonvas El CDC va x esa l√≠nea tambi√©n enfocado en la desinfecci√≥n d superficies y normas de higiene personal no tanto en ropa o calzado (https://t.co/VXQGdK8vSB )Sobre el sem√°foro: no todos pueden vivir en cuarentena. Sobre el term√≥metro: se jode todo si pasa 1 asintom√°tico
12,"üö® #ATENCI√ìN | El n√∫mero de fallecidos por coronavirus ascendi√≥ a 3.608 en Ecuador, donde la cifra de contagios confirmados totaliza 42.728, es decir 622 casos en las √∫ltimas 24 horas.

‚è≥ 2.429 fallecidos probables por COVID-19.
üìù En Tungurahua: 77 muertos y 595 contagios. https://t.co/nWcsdh5Xuq"
13,"Quiero dejarles este art√≠culo que habla sobre el ""Coronavirus y tiempos de Crisis"", desde una perspectiva del psicoan√°lisis. Escrito por mi hermana Mar√≠a Jos√© Baquerizo, Master en Psicoan√°lisis y Psicopatolog√≠a. Dediquenle unos minutos, vale la pena. https://t.co/SybdFsSGPX"
14,NI POR HABER CREADO EL PROYECTO PARA COLOCAR UNA CAMARA HIPERBARICA EN EL H CEIBOS FUI SACADO DE LA JEFATURA DE ER. LA CORRUPCION NUESTRO MORTAL ENEMIGO. Un hospital de Mosc√∫ emplea c√°maras de alta presi√≥n para tratar el coronavirus https://t.co/Yxk9kkbzzS a trav√©s de @ABC_Mundo
15,"@amancent77 @heleana @Gingonvas https://t.co/IaUmSE2evO lo dejo para el debate. Cada uno tome las precauciones que mejor le plazca. Eso s√≠, teniendo en cuenta que un term√≥metro a la entrada no es garant√≠a dados los casos asintom√°ticos."
16,"üìûSi tiene s√≠ntomas o dudas del #Coronavirus COVID-19, contacte con la l√≠nea de atenci√≥n ciudadana al 148. No te automediques y permanec√© en su domicilio 

 # QuedateEnCasa 
# CuidarteEsCuidarnos https://t.co/ih4HQQt9pX"
17,"#ATENCI√ìN
Mapa de casos detectados por provincia coronavirus en Ecuador. https://t.co/7skCrb0zxT"
18,"üî¥A 30 para llegar a los 600 contagios de #Coronavirus en #Cotopaxi, 70 fallecidos (suman 2 del cant√≥n #Latacunga). https://t.co/lKOUI1L1EA"
19,Experto italiano asegura que la carga viral del coronavirus es 100 veces menor que en marzo - https://t.co/bFLX0GlwbO https://t.co/P7euoIJ33P
20,@diego593alvarez @Margari50912543 Corrupci√≥n en tiempos de Coronavirus
21,La Premier no registra positivos en coronavirus tras √∫ltimas pruebas https://t.co/QBaLerJysM
22,"#URGENTE
1305 casos confirmados de coronavirus en El Oro.
194 fallecidos por COVID-19 en la provincia. https://t.co/YWckUOTe6S"
23,"üî∞Rusia hace oficial el lanzamiento de Avifavir, el primer medicamento contra el coronavirus

üö©Rusia ha confirmado que el Ministerio de Salud del pa√≠s ha aprobado el primer medicamento contra la Covid-19 en el mundo. 

üö©El nombre comercial que ha recibido es Avifavir. https://t.co/GqmNTp20eP"
24,"üî∞Rusia hace oficial el lanzamiento de Avifavir, el primer medicamento contra el coronavirus

üö©Rusia ha confirmado que el Ministerio de Salud del pa√≠s ha aprobado el primer medicamento contra la Covid-19 en el mundo. 

üö©El nombre comercial que ha recibido es Avifavir. https://t.co/oevod1UaEi"
25,"Clubes de la Premier League est√°n libres de coronavirus, seg√∫n √∫ltimo informe. ‚ñ∫ https://t.co/avL6dksyFr https://t.co/nkQ5yCU2UT"
26,Clubes de #LigaPro cumplen pruebas de coronavirus ‚ñ∂Ô∏è https://t.co/2hChcZ50ew
27,"La pandemia por el nuevo coronavirus o SARS-CoV-2, causante de la enfermedad COVID-19, viene dejando m√°s de 5,8 millones de personas infectadas y m√°s de 362.000 muertos en todo el planeta.
D.E."
28,Quito ocupa el primer lugar de alertas al ECU 911 por aglomeraciones | El Comercio https://t.co/pgyyJW0AdT
29,"Las mascarillas recomendadas por la OMS para el p√∫blico en general son las de tela, que deben cumplir ciertas condiciones para que realmente representen una protecci√≥n para el portador y para el resto de la comunidad.
https://t.co/SpH2X34i8E https://t.co/NuI90Qn1M8"
30,√öltima hora: Segundo rebrote del Coronavirus no va ha haber. Los pol√≠ticos se lo robaron
31,"Continuamos con la desinfecci√≥n de las paradas del #TransporteMunicipal, como medida de prevenci√≥n para mitigar el Coronavirus #DisciplinaParaVolver #Sem√°foroAmarilloEnQuito https://t.co/lk71APuO71"
32,Reapertura de Florida avanza mientras los nuevos casos de coronavirus COVID-19 no bajan de 1000 al d√≠a. ‚ñ∫ https://t.co/Jak3UgTdqu https://t.co/FoqCQ3cvMn
33,"Un laboratorio brit√°nico ya comenz√≥ a producir la vacuna de Oxford contra el #coronavirus

Toda la informaci√≥n üëâüîó https://t.co/Q3WboauoVs"
34,"#ECUADOR 
N√∫mero de contagiados de #coronavirus de hoy en la provincia de #LosRios https://t.co/Ygn1Wsd6i6"
35,Que tan salada soy que me da gripe en tiempos de coronavirus ü§ß
36,"Los ni√±os son uno de los grupos m√°s vulnerables ante la pandemia del #coronavirus, se√±ala un estudio elaborado por Pablo Samaniego, docente de la PUCE. ¬ª https://t.co/31gMHMultV"
37,"El presidente brasile√±o, Jair Bolsonaro, amenaz√≥ con la posible salida de Brasil de la #OMS si no deja de guiarse por un ""sesgo ideol√≥gico"" tras su actuaci√≥n ante la pandemia del #coronavirus. https://t.co/vyG5vzXSKg"
38,Algunas tarjetas de cr√©dito dar√°n dos meses de gracia a sus clientes https://t.co/gUzcAb55rj
39,"Este s√°bado los casos de coronavirus COVID-19 en el estado de Florida (Estados Unidos) aumentaron a 62 758, 1300 m√°s en las √∫ltimas 34 horas. ‚ñ∫ https://t.co/7Ty0usnU86"
40,"#Sucesos #Machala
La ma√±ana de ayer continu√≥ el desalojo de los comerciantes que insisten en regresar a las calles de donde fueron retirados para que se propague el coronavirus.  Leer m√°s https://t.co/3BnkRBngGg https://t.co/XzlJoF21JX"
41,#Internacional | #Paraguay registra una ca√≠da de casos activos de #coronavirus por segundo d√≠a &gt;&gt;&gt; https://t.co/a0M7NSZtl8 https://t.co/myspIIvrDv
42,#Internacional | #Paraguay registra una ca√≠da de casos activos de #coronavirus por segundo d√≠a &gt;&gt;&gt; https://t.co/NP7B69x9Xk https://t.co/bRHpEvR1hB
43,#Internacional | #Paraguay registra una ca√≠da de casos activos de #coronavirus por segundo d√≠a &gt;&gt;&gt; https://t.co/nXAi95lzpU https://t.co/0cGua5lYpy
44,"COVID19 Kits Test R√°pido
Resultados en 10 Minutos

Venta por mayor min. 500 unidades 
USD 15 c/u

üëâüèª https://t.co/PyQY3oBo7d

Contactos 099-7565605

#covid19 #covidecuador #coronavirus #ecuador #TestRapido #test #positivo #negativo #guayaquil #samborondon #pruebas https://t.co/HgDLeOtOX8"
45,"""Los nuevos casos de coronavirus en #Cuenca¬†se incrementaron en un 115%¬†en relaci√≥n con la semana anterior""
 https://t.co/23elkG9uLQ"
46,"@VegaVinicio No hay control contra el coronavirus, eh visto otros cantones y ah√≠ si hasta gel te dan, solo tratan de amagar, es puro Facebook, puro ataque a ex autoridades, y la gente piensa que ah echo,.. No ha echo nada pr√°cticamente este A.F.P"
47,"@AndresVS Chuta qu√© verg√ºenza, pero esas banderas no eran para m√≠. En realidad eran un regalo para ti y las iba a llevar a tu parrillada como sorpresa, pero con todo lo del coronavirus pues ya no se pudo :/ Igual av√≠same y te las paso dejando, ac√° no les damos uso."
48,El coronavirus viendo como se olvidaron de √©l y ahora toda la atenci√≥n la tiene Anonymous.!!  ü§üüèª https://t.co/MyxltYASgZ
49,"#Coronavirus: qu√© riesgos implica salir a correr, seg√∫n los expertos

Toda la informaci√≥n üëâüîó https://t.co/P7y65ntUb6"
50,Que manda a decir Emelec que es una irresponsabilidad que se junten todos en √©poca de Coronavirus. https://t.co/RKpi8eQumL
51,Un ni√±o de nueve a√±os recibe premio por construir una m√°quina de madera para lavarse las manos como medida para prevenir el avance del coronavirus: https://t.co/qNqWF7iLvm /CNN https://t.co/gy0qcm6B6V
52,"Bueno, bueno. Termin√≥ el show ""coronavirus"". Ahora la atenci√≥n cambia de rumbo. https://t.co/Xz67HEpLOQ"
53,"@luisesgo @nickwiger ""escuchar a la Autoridad Suprema, nuestras madres, cuando nos recomiendan que no vayamos a lugares muy aglomerados y que no intercambiemos fluidos con extra√±os"".

 https://t.co/Sbrfa2S5Er: https://t.co/gySoTG197c"
54,"#Coronavirus | #ibarra #semaforoamarillo El proceso para las personas que normalmente usamos las mascarillas y guantes,  desde el distrito de salud se recomienda que se desinfecte estos desechos y sean colocados en una funda aparte con doble nudo. 

https://t.co/EywF2yjvuQ https://t.co/GUTMIFYMDj"
55,"Qu√© diferencia hacen unas semanas para los medios. 

Antes: Protestando por la libertad de atrapar el coronavirus
Las protestas para re abrir los estados es la conclusi√≥n de un movimiento de libertad RETORCIDO.

Ahora: En Estados Unidos, la protesta es patri√≥tica

#protest2020 https://t.co/5TJ7sHLyMe"
56,"SOLO PERIODISMO:
Al menos 127 periodistas han muerto de coronavirus en 31 pa√≠ses
https://t.co/9gFM5L4L8M"
57,"@LoroHomero @LoroHomero Nosotros sabemos y debemos cuidarnos, el Coronavirus es a√∫n una amenaza en Quito; Ud. Alcalde Yunda cuide el dinero de nuestros impuestos, para que no se rroben sus amigos y funcionarios de su confianza."
58,Christian Braun: La ONU quiere IMPONER ABORTO‚Ä¶ con la excusa del coronavirus - Firma: https://t.co/rQ1OLqRgyA
59,#Manab√≠ suma 2.821 casos de #coronavirus hasta este s√°bado 6 de junio del 2020 seg√∫n cifras del Ministerio de Salud P√∫blica &gt;&gt;&gt; https://t.co/LndZlSQnbV https://t.co/pDzNFm9lsz
60,#Manab√≠ suma 2.821 casos de #coronavirus hasta este s√°bado 6 de junio del 2020 seg√∫n cifras del Ministerio de Salud P√∫blica &gt;&gt;&gt; https://t.co/FYPTrzp2du https://t.co/2IyoWlceFN
61,"Estoy a un ‚Äúno dejen la puerta abierta, se mete el virus‚Äù de salir y ser libre y ya nada el coronavirus."
62,"Sin fallecimientos por Coronavirus en las √∫ltimas horas en Cuenca y Guadalajara aunque, la amenaza, acecha. https://t.co/SV0avUeWhf"
63,#Manab√≠ suma 2.821 casos de #coronavirus hasta este s√°bado 6 de junio del 2020 seg√∫n cifras del Ministerio de Salud P√∫blica &gt;&gt;&gt; https://t.co/Pe1JOcDv9F https://t.co/5uJ7FnE3Cy
64,"La Defensor√≠a del Pueblo present√≥ una acci√≥n de protecci√≥n para las familias que a√∫n no pueden localizar los restos mortales de sus parientes, que fallecieron durante la emergencia sanitaria por el COVID-19 en Guayaquil. https://t.co/qtkc9wHvic"
65,#EmergenciaEc #Covid19Ec | #Ecuador suma 622 contagios y alcanza los 42.728 casos positivos para #coronavirus &gt;&gt;&gt; https://t.co/LndZlSQnbV https://t.co/71pXV2ZErI
66,El Gualaceo SC fue el primer club del Azuay en ser tomadas las pruebas para #Covid_19: https://t.co/pVZz7Ad1Sj https://t.co/TuAuRrMxwL
67,El pop latino mantiene su ritmo pese al coronavirus https://t.co/Q4oFH49LqI
68,[ATENCI√ìN] INFOGRAF√çA: Actualizada hasta este s√°bado 06 de junio. #MoronaSantiago sube a 179 contagios de coronavirus ‚ùóüìà https://t.co/cnXinGfQjm https://t.co/aRn3yWQWUO
69,#EmergenciaEc #Covid19Ec | #Ecuador suma 622 contagios y alcanza los 42.728 casos positivos para #coronavirus &gt;&gt;&gt; https://t.co/FYPTrzp2du https://t.co/hwBdjrhTnq
70,#EmergenciaEc #Covid19Ec | #Ecuador suma 622 contagios y alcanza los 42.728 casos positivos para #coronavirus &gt;&gt;&gt; https://t.co/Pe1JOcDv9F https://t.co/EqjbTJAlnf
71,Siento que r√°pidamente nos estamos olvidando del coronavirus.
72,Reporte oficial de casos de coronavirus en Ecuador difundido por las autoridades del Gobierno. ‚ñ∫ https://t.co/mEKEgGiFzb https://t.co/uR59jRPNJi
73,En India se incineran cad√°veres todo el d√≠a en medio de la pandemia de coronavirus https://t.co/L67vIvJ94S por @eluniversocom
74,"Mira, ah√≠ est√° el tipo que dice que las antenas 5G dan coronavirus https://t.co/hSTiawj5Ls"
75,"üîò #ElDatoAPR| Compartimos algunas recomendaciones para recordarte que debes continuar practic√°ndolas, y as√≠ evitar la propagaci√≥n del #COVID19. 

#APR #Comunicaci√≥nDigital #Riobamba #Chimborazo #COVID19Ec #Coronavirus https://t.co/10iQEDjP4t"
76,Chile volvi√≥ a registrar su cifra m√°xima de muertos diarios por coronavirus: 93 en 24 horas. M√§s detallesüëâhttps://t.co/3jFbygdCVK https://t.co/b0V2OGEDLH
77,"El artista espa√±ol Miguel Bos√© se refiri√≥ al coronavirus como ‚Äúla gran mentira de los gobiernos‚Äù. Lo hizo en una publicaci√≥n en su cuenta de Twitter / La Vanguardia. 
https://t.co/iPEXKCoJQP https://t.co/2O4qLDmbPR"
78,"üõëACTUALIZACI√ìN Ecuador casos covid19, 6 junio: 42.728 contagiados. 3.608 fallecidos por coronavirus y 2.429 con sospecha https://t.co/8AbTt8I2pL a trav√©s de @TuVozTV"
79,"Las cifras actualizadas del avance del coronavirus en Ecuador registran hoy, s√°bado 6 de junio, 42.728 casos confirmados en el pa√≠s y 3.608 personas fallecidas producto del nuevo virus. Los detalles üëâ https://t.co/jAICpFGpP4 https://t.co/nlwlRBMd2w"
80,India ya es el sexto pa√≠s del mundo con m√°s casos de coronavirus https://t.co/Yl0DlsZnMs
81,"No me jodas, que ha sacado mu√±equitos de Los Vengadores para explicar el coronavirus jaja https://t.co/DB08G44vb6"
82,"√öltimas noticias del coronavirus, en directo | M√°s de un tercio de las muertes por covid-19 en una semana se concentran en Madrid  https://t.co/30t09oXx4T a trav√©s de @el_pais
Se est√° coronando Ayuso Calamidad"
83,Clubes de @LigaProEC cumplen pruebas de coronavirus ‚ñ∂Ô∏è https://t.co/2hChcZ50ew
84,URGENTE contagiados de #coronavirus los conductores del troleb√∫s en #QUITO https://t.co/xjZiUJgo9B
85,#ATENCI√ìN | Guayas es la provincia que m√°s casos concentra con 14.362 personas contagiadas. Le siguen Pichincha (4.478) y Manab√≠ (2.821). ¬ª https://t.co/xquDOCCnNm https://t.co/uoyGLT1KED
86,El coronavirus me tiene pidiendo permisos como si tuviera 18 a√±os de nuevo üò≥
87,"#URGENTE 
42728 casos confirmados
3608 fallecidos en el Ecuador por coronavirus https://t.co/ifoHVxaObt"
88,"#ATENCI√ìN | Hasta esta fecha, hay a√∫n 17.435 personas contagiadas en aislamiento domiciliario, 439 pacientes hospitalizados estables y 226 hospitalizados con pron√≥stico reservado. ¬ª https://t.co/Hsb9XWQ00Z https://t.co/mzdeWI8RMM"
89,Clubes de LigaPro cumplen pruebas de coronavirus (VIDEO) https://t.co/2hChcZmBD6
90,"#ATENCI√ìN | Este 6 de junio, las cifras del avance de la epidemia de #coronavirus en Ecuador son: ¬ª https://t.co/u9iYXcHzXL https://t.co/ovUUhKrjQq"
91,@Tu_Bombonzito Que se acabe del coronavirus.
92,"Coronavirus en Ecuador: s√°bado 6 de junio: 42728 confirmados, 3608 fallecidos. M√°s detalles üëâhttps://t.co/9PltmPdcmt https://t.co/O21UKaE4dD"
93,#Mundo: Am√©rica Latina no puede con el coronavirus y Bolsonaro amenaza con sacar a Brasil de OMS || Diario El Comercio ||  https://t.co/lS7sV15bMI https://t.co/Q0YjxRKnIX
94,"Casos de #coronavirusenEcuador: s√°bado 6 de junio: 42 728 confirmados, 3608 fallecidos. ‚ñ∫ https://t.co/KrRQjsAIAt https://t.co/khP3pBWqBC"
95,El doctor Carlos Ver√° Mora representante del comit√© del coronavirus de la ciudad de guayaquil hace una donaci√≥n de insumos m√©dicos al dr Rodrigo Mena alcalde del cant√≥n el carmen üôè https://t.co/NRZIK35KKD
96,¬°ATENCI√ìN! Cifras de Covid-19 en Ecuador de este s√°bado 6 de junio https://t.co/4viXv5CYIU https://t.co/ab6qHCcupB
97,¬°ATENCI√ìN! Este s√°bado la cifra de casos de Covid-19 en Ecuador pas√≥ los 42.700  https://t.co/4viXv5CYIU
98,"Si no te da Coronavirus, te puedo dar yo? üòèüòñ"
99,Espero que el sol mate al coronav√≠rus porque despu√©s de venir de la barber√≠a estoy lanzado bajo el sol intenso del medio d√≠a esperando esterilizarme Jajajaja
100,üî¥#ATENCI√ìN | Se registran 42.728 casos confirmados de #coronavirus en #Ecuador. ü¶†üá™üá® https://t.co/sLA5LdinJI
101,@rodolfoasar Qu√© impresionante que manifestarse por esta injusticia pese m√°s que el miedo a la propagaci√≥n del coronavirus. Hermoso
102,"üî¥#ACTUALIZACI√ìN l Estas son las cifras en torno al #coronavirus en #Ecuador 

üõë 42728 confirmados
üõë 3608 fallecidos  #COVID„Éº19 
üõë 2429 fallecidos probable #coronavirus
‚úÖ  4250 recuperados 
‚úÖ 4912 alta hospitalaria
‚úÖ 11858 alta epidemiol√≥gica 

V√≠a https://t.co/slL1PLRE7b https://t.co/f8L7KWdAtb"
103,#Tungurahua registra 595 casos positivos de Coronavirus; #Ecuador suma 42.728 https://t.co/0o1zDEMxok
104,"Con ingredientes que tienes en tu nevera puedes preparar un sinn√∫mero de platos, los cuales puedes compartir con tu familia y pasar momentos √∫nicos. https://t.co/X9bsBMDjuW"
105,"Venir a Twitterlandia es peor que ir a la Caraguay en la madrugada, que incre√≠ble para ser tan verduleras problem√°ticas... por una simple percepci√≥n de gordura! El Coronavirus se llev√≥ a la gente incorrecta repito y confirmo!"
106,#Sociedad Cris Pandemia| Las comunidades rurales en Am√©rica Latina se enfrentan al avance del coronavirus  https://t.co/K8FOeLnhr4 a trav√©s de @teranb_jorge
107,@AnderssonBoscan A los Social Cristianos no les queda otro camino: Lavarse las manos como Poncio Pilatos y les viene bien en tiempos de Coronavirus ü¶† ¬°Ole!
108,"@AlexisSanchezEC @FiscaliaEcuador El circo de la Constituci√≥n y Apocal√≠ptico de Coronavirus. La Respuesta Es Siempre Ineptitud, Demagogia, Indolencia, Farsa, Torpeza y Corrupci√≥n. ¬øC√≥mo Se Llama La Obra? Ellos mismos roban, se enjuician, se sentencian, se liberan... https://t.co/Xsg1kWNsZD"
109,Un experto italiano asegura que la carga viral del coronavirus es 100 veces menor que en marzo: ‚ÄúEs como si hubiese envejecido‚Äù https://t.co/PstWMTe6md
110,"Un informe emitido por el Distrito de Salud de Ambato detall√≥ que de los nueve fallecidos, la muerte de ocho se relacion√≥ a posibles casos de covid-19 y solo uno de ellos dio positivo al nuevo coronavirus. #kipuslaico https://t.co/l2KZMS5IJ5"
111,"One more thing: fundas, atajos y rastreadores de coronavirus en el iPhone https://t.co/6pvRMW7dJb via @applesfera https://t.co/wh9ynF83l1"
112,La aplicaci√≥n francesa #StopCovid para rastrear contactos en caso de contagio con el nuevo coronavirus ‚Äúsuper√≥ el umbral del mill√≥n de usuarios‚Äù. La app permite a los usuarios ser informados si cruzaron en las √∫ltimas dos semanas a otro usuario contagiado de coronavirus. https://t.co/BMZKCIfOEU
113,"#Noticias #Ecuador
WASHINGTON.- El presidente de Estados Unidos, Donald Trump, celebr√≥ este viernes que la peor parte de la pandemia del coronavirus ya qued√≥ atr√°s.
‚ÄúTen√≠amos la mayor econom√≠a de la historia. Leer m√°s https://t.co/PCtQxSbGQD https://t.co/vwrkeeajOH"
114,"üåé#ElMundo | Seg√∫n las autoridades sanitarias chilenas hay alrededor de 1.448 v√≠ctimas mortales y 122.499 casos confirmados con #coronavirus desde el inicio del brote el pasado 3 de marzo. Los detalles ‚¨á  

https://t.co/iwmDCwAwth"
115,Diario de un confinamiento VIII: la estrategia de las marcas frente a la crisis del coronavirus https://t.co/YJlPV7oLgp https://t.co/o7zOayoXBA
116,Coronavirus: un estudio indica que podr√≠a afectar m√°s a los hombres con calvicie https://t.co/8gzEXokQv0 a trav√©s de @YahooNoticias
117,"¬°Atenci√≥n! El nuevo coronavirus ha provocado al menos 395.977 muertos en el mundo desde que apareci√≥ en diciembre del 2019, seg√∫n fuentes oficiales. Estados Unidos lidera la cifra con 109.143 fallecidos. https://t.co/GVIoUKMtS4"
118,Una herramienta online que informa las restricciones de los pa√≠ses por el coronavirus https://t.co/MxYivubr3v
119,"SOLO PERIODISMO: C√≥mo cambi√≥ el coronavirus el trabajo de los periodistas
https://t.co/PB6SIfQrxh"
120,"SOLO PERIODISMO: Al menos 127 periodistas han muerto de coronavirus en 31 pa√≠ses
https://t.co/9gFM5KNahe"
121,"De esta manera, en Rusia se ha detectado un total de 458.689 casos positivos y 5.725 personas han muerto de coronavirus desde el inicio del brote.
Adem√°s, otros 8.708 pacientes se han recuperado de la enfermedad, aumentando el total a 221.388."
122,"Las autoridades sanitarias de Rusia han confirmado 8.855 nuevos casos de coronavirus en el pa√≠s, en comparaci√≥n con los 8.726 detectados el d√≠a anterior, y 197 muertes frente a las 144 que se reportaron el viernes. https://t.co/hmhl3BNDhk"
123,"SOLO PERIODISMO. Coronavirus: El periodismo y los medios, m√°s necesarios que nunca
https://t.co/3MHlCWAhPe"
124,"En Chile 93 personas han muerto como consecuencia del coronavirus desde el viernes, lo que eleva el total de decesos por la enfermedad en el pa√≠s hasta los 1.541, ha declarado la subsecretaria de Salud P√∫blica, Paula Daza. https://t.co/JITE2pGfQo"
125,"La federaci√≥n italiana de f√∫tbol permitir√° que cada equipo realice hasta cinco sustituciones durante un partido, una vez que se reanude la temporada interrumpida por la pandemia de coronavirus. https://t.co/2PPLfPpIuK"
126,La provincia #Cuenca sigue sin registrar fallecidos por coronavirus y mantiene en 6 el n√∫mero de hospitalizados https://t.co/CX0K9jv4vz
127,#Internacional | #Chile vuelve a batir r√©cord de decesos por #coronavirus con 93 muertes diarias &gt;&gt;&gt; https://t.co/B4Z1WGoHKD https://t.co/4MgArr6NuB
128,"@CynthiaViteri6 @ATMGuayaquil @andresroche @alcaldiagye @Expresoec @eluniversocom @comunidadgye @CanalUnoTv Buenos d√≠as @CynthiaViteri6. Favor contestar preguntas: ¬øTiene sentido no bloquear garaje?
@ATMGuayaquil @andresroche #Urdesa @alcaldiagye
@Expresoec @eluniversocom #MalParqueadoECU #UrdesaSiPesa #NoBloqueesGarajesEc #Coronavirus #covid19ecuador Leer hilo. https://t.co/z7xPPhn0Tv https://t.co/nXlMLGXibu"
129,Chile volvi√≥ a registrar su cifra m√°xima de muertos diarios por coronavirus: 93 en 24 horas - Infobae https://t.co/L58WBJv4EO
130,#Internacional | #Chile vuelve a batir r√©cord de decesos por #coronavirus con 93 muertes diarias &gt;&gt;&gt; https://t.co/0DEz6sb2LX https://t.co/IgJ2sTo8nD
131,#Internacional | #Chile vuelve a batir r√©cord de decesos por #coronavirus con 93 muertes diarias &gt;&gt;&gt; https://t.co/a9VLu23zue https://t.co/hM7lpYCIld
132,#Internacional | #Chile vuelve a batir r√©cord de decesos por #coronavirus con 93 muertes diarias &gt;&gt;&gt; https://t.co/yGqe949gEo https://t.co/hmJIVAgdGH
133,"@economista33 @CNACEcuador @FiscaliaEcuador Que bueno , permitame hacer una analogia ...porque en salud estemos preocupados por lo relacionado con coronavirus, no significa que se elimino la diabetes, la corrupcion e hospitales siempre ha existido,  que hay del resto de casos de corrupci√≥n  que hay en otros lados igual ??"
134,"Espa√±a ha registrado una muerte a causa de coronavirus y 164 nuevos contagios en las √∫ltimas 24 horas. 
De esta manera, la cifra de los fallecimientos en la √∫ltima semana ascendi√≥ a 67. 
En total, en el pa√≠s han sido confirmados 241.310 casos positivos y 27.135 decesos. https://t.co/PjI0B6irnl"
135,#Internacional | #Cuba suma otros 40 casos de #coronavirus en pico relacionado con buque infectado &gt;&gt;&gt; https://t.co/mFxP4KeqL5 https://t.co/482Lj2KsQe
136,#Internacional | #Cuba suma otros 40 casos de #coronavirus en pico relacionado con buque infectado &gt;&gt;&gt; https://t.co/TpOE61sCTG https://t.co/CQkFum50xg
137,El epidemi√≥logo sueco que se arrepiente de no haber impuesto la cuarentena https://t.co/9Z9t9cgtM1
138,#Internacional | #Cuba suma otros 40 casos de #coronavirus en pico relacionado con buque infectado &gt;&gt;&gt; https://t.co/WsWsZBzcBB https://t.co/8gIUPuF0iZ
139,"#Internacional #Covid19 ‚ñ™Ô∏é Comienza la b√∫squeda casa por casa de personas con #coronavirus en Buenos Aires, #Argentina &gt;&gt;&gt; https://t.co/TgTfZHi6Z6 https://t.co/cy5PbERFtt"
140,"#Kerala, el estado que mejor control√≥ la propagaci√≥n de #coronavirus en India.

Su √©xito se basa en inversi√≥n en salud y educaci√≥n. Su poblaci√≥n es la m√°s alfabetizada (95%).

Desde los a√±os 60 el estado es gobernando por partidos de izquierda.
https://t.co/cP4m7k3Ssd"
141,"#Internacional #Covid19 ‚ñ™Ô∏é Comienza la b√∫squeda casa por casa de personas con #coronavirus en Buenos Aires, #Argentina &gt;&gt;&gt; https://t.co/HxGicskjf9 https://t.co/qqTrUOH27E"
142,"Ud quiz√°s se a llegado a preguntar alguna vez que tan buena persona es ?
#coronavirus 
#cuarentena"
143,"#Internacional #Covid19 ‚ñ™Ô∏é Comienza la b√∫squeda casa por casa de personas con #coronavirus en Buenos Aires, #Argentina &gt;&gt;&gt; https://t.co/HxGicskjf9 https://t.co/4XKaFhC5I7"
144,Experto italiano asegura que la carga viral del coronavirus es 100 veces menor que en marzo: ‚ÄòEs como si hubiese envejecido‚Äô. La informaci√≥n üëâhttps://t.co/Xvvm2MDSXP https://t.co/Y0xVPshhlE
145,@bernardosaenz @Renato26592725 @jorgepiedrac Perd√≥n el mensaje era para Arturo. Puede que nunca haya vacuna. No asumamos que habr√° vacuna en diciembre y ser√° repartida para todo el planeta al mismo tiempo. Puede que nunca la haya. Lo que si puede ser es que haya mejores tratamientos con el tiempo. https://t.co/iehA7padQO
146,En India se incineran cad√°veres todo el d√≠a en medio de la pandemia de coronavirus. ‚ñ∫ https://t.co/8XdxGiduaS https://t.co/0kKGkAuPYU
147,"@bernardosaenz @Renato26592725 @jorgepiedrac Diferentes situaciones Suecia y Ecuador. En Suecia no ha colapsado el sistema de salud. No est√°n intentando que se infecte todo el mundo para que colapse el sistema de salud.  https://t.co/qHAGVe4eNT 

https://t.co/Tdy6GGmYK3

https://t.co/ha81I6zMjt https://t.co/dehxNIHLBM"
148,"Mejor NO viajar, se debe cuidar as√≠ mismo y a los dem√°s, les comparto una peque-entrevista! https://t.co/3T2NwAbMyG"
149,Un experto italiano asegura que la carga viral del coronavirus es 100 veces menor que en marzo: ‚ÄúEs como si hubiese envejecido‚Äù - Infobae https://t.co/Vsj47loYPQ
150,"NI EL SOL, NI LA LLUVIA, NI EL HIELO, NI EL CORONAVIRUS NOS DETIENE...NO NO SON SUPERMAN, SON LOS H√âROES AZULES DE EMASEO https://t.co/5041cjPGn7"
151,Lo positivo de la pandemia del coronavirus en #Ecuador es que nos mostr√≥ la corrupci√≥n en los hospitales estatales y sus principales cabecillas. #YaBasta @tomebamba @LaPosta_Ecu @mercurioec @eltiempocuenca
152,"Coronavirus: Feij√≥o orden√≥ no trasladar a ancianos dependientes a residencias medicalizadas https://t.co/jSJSqVxzX0 
Marca PP. Otro que deber√° rendir cuentas ante los tribunales. Destituci√≥n ya."
153,Cu√°nto coronavirus es necesario para que se d√© la infecci√≥n? #COVID__19 @CientificasEC @KunaEcuador https://t.co/H7hp6ZPBIf
154,"Que la bendici√≥n del Todopoderoso expresada en esta canci√≥n se derrame sobre todas las familias 
#adorandodesdecasa #musicadesdecaleta, #quedateentucasa, #adoraci√≥n, #adoraci√≥nencasa,#coronavirus, #yomequedoencasa #conciertoencasa  https://t.co/lblTCfU3Bi a trav√©s de @YouTube"
155,"Alcalde @JohnSalcedoC ...""en nuestra Caminata Solidaria en la Parroquia San Carlos...tuvimos la alegr√≠a de observar muy bien protegidos a la gran mayor√≠a de los vecinos.

Las armas m√°s poderosas contra el Coronavirus:

Oraci√≥n y Prevenci√≥n 
Disciplina y Mascarilla https://t.co/LHxTYA4HvA"
156,Que te gustaria que te regalen por el dia del Padre?  #coronavirus #Covid_19 #QuedateEnCasa #papa #diadelpadre
157,"@BeardBodo Antes no estaban abierto porque dicen que hay una pandemia del #CoronaVirus o algo as√©, entonces no s√© s√≠ ya est√°n atendiendo en su matriz para ir a dejar el equipo. Entonces srs. de @NetlifeEcuador ya puedo?"
158,üõë Coronavirus: La OMS recomienda el uso de mascarillas para toda la poblaci√≥n pero advierte que pueden dar una falsa seguridad. https://t.co/tCvPAmxS4t
159,"Cero celular, cero redes sociales. Gran impacto el coronavirus üòÇ https://t.co/Q0MFjdvhY4"
160,Las empresas alemanas BASF y Bayer son las principales receptoras de fondos dr apoyo por coronavirus en el Reino Unido https://t.co/8oQQSEiYWz
161,"#Emergencia #Coronavirus #Vallehermoso #SantaRita 

Llegando a nuestros hermanos  con una ayuda en estos momentos a otro sector de nuestro cant√≥n como es ValleHermoso y Santa Rita 

LArry Alcalde ‚úî 

Ws 0967782701 https://t.co/9kpUYdKHzr"
162,"En un mundo sin coronavirus, en este momento estar√≠a yendo a mis entrenamientos de boxeo, extra√±o los s√°bados de Sparring üò¢üò¢"
163,@carlosguevaraor Ya ahorita coronavirus ni la gaver dijo el batracio jaja .
164,Noticias coronavirus | Viva Air le solicita pr√©stamo al gobierno Nacional | Negocios | Portafolio https://t.co/2Y6zGCE0SP
165,"Am√©rica Latina no puede con el #coronavirus y #Bolsonaro amenaza con sacar a #Brasil de #OMS

Gorda
Erika

https://t.co/XMFWy2pGoT"
166,"Ya me tiene arrechaassa Jajajaoe como que no hay coronavirus y las personas que han fallecido por el covid 19 entonces de que murieron , o que la familia tambi√©n miente https://t.co/IOPnjn0FML"
167,"@FlashPCT Estoy seguro de que fue gente loca, as√≠ como esos que le culpan al 5G del coronavirus"
168,Ni√±o profeta advierte de una nueva cat√°strofe https://t.co/nXoTQfFQpH
169,#Ecuador: Cuatro choferes de transporte p√∫blico en Quito resultaron positivos en pruebas de covid-19 || Diario El Comercio || https://t.co/MmJgULL2dn https://t.co/lHEcxr6Dzw
170,"COVID19 Kits Test R√°pido
Resultados en 10 Minutos

Venta por mayor min. 500 unidades 
USD 15 c/u

üëâüèª https://t.co/PyQY3oBo7d

Contactos 099-7565605

#covid19 #covidecuador #coronavirus #ecuador #TestRapido #test #positivo #negativo #guayaquil #samborondon #pruebas https://t.co/KkhQFTASHr"
171,"Los socialcristianos desmarcandose de Morales, ahora no lo conocen, no es de su partido, cuando antes de las elecciones hablaban maravillas de pesta√±ita, socialcristianos en modo Poncio Pilato lav√°ndose las manos y no precisamente por el coronavirus. https://t.co/NrXy2hxJSk"
172,La Organizaci√≥n Mundial de la Salud nos minti√≥ sobre el tratamiento desde un comienzo y NADIE DICE NADA #coronavirus #EstoFuePlaneado https://t.co/IGHQ71SlkD
173,"Huelva pr√°cticamente limpia de coronavirus. Coge Juanmita y abre la movilidad entre provincias. A tomar por culo. Nunca en la vida han respetados los sevillanos a los onubenses, ahora menos."
174,"Herederos de negocios: Ivonne, Marcelo y Juan Carlos quedaron al frente de Almacenes Burda tras la muerte de su padre por el coronavirus | Econom√≠a | Noticias | El Universo https://t.co/iUia8Qf0yW"
175,"Las provincias amaz√≥nicas tienen el crecimiento m√°s acelerado del coronavirus en el pa√≠s. Tambi√©n destacan Cotopaxi, Esmeraldas, Loja, S. Domingo y Manab√≠. En n√∫meros absolutos han crecido m√°s la √∫ltima semana: Manab√≠ 497, Pichincha 464, Guayas 398, Los R√≠os 251 y S. Domingo 214. https://t.co/QpdR24BmjI"
176,"Abro hilo de palabras de hiper recontra trolo que nos dej√≥ el #coronavirus.
-Nueva normalidad
-running
-genero
-tapabocas
-distanciamiento social
-comite de expertos
-operativo detectar
-barrios vulnerables
-adultos mayores"
177,[INFOGRAF√çAS] | #Quito pas√≥ a sem√°foro amarillo para reactivar parcialmente su sector productivo y dinamizar la econom√≠a. Revise las reglas que debe seguir. ¬ª https://t.co/rMSqUcUjd5
178,"Casos de #Covid_19 actualizados al 6 de junio de 2020 en el mundo.

#Qu√©dateEnCasa #Coronavirus https://t.co/6ha0WEkon0"
179,@B00tyWatcher @MassielJarquin4 El momento que deja ver la tanga ahi tose una se√±oraa cuidado en esos lugares este el Coronavirus
180,"Vivimos tiempos de transformaci√≥n. La contingencia por coronavirus trajo un nuevo paradigma  para la salud p√∫blica global y tambi√©n para la econom√≠a, los negocios y la vida cotidiana.
¬øC√≥mo se transformar√°n los h√°bitos de consumo en la nueva normalidad? üëá
https://t.co/Dc15RH7aLA"
181,@GYENORTECHICOS Ya empezaste a pegar el Coronavirus
182,"Casos de #Covid_19 actualizados al 6 de junio de 2020 en el mundo.

#Qu√©dateEnCasa #Coronavirus https://t.co/JjNYAv54Hr"
183,El an√°lisis de miles de animales destapa una ‚Äúenorme diversidad‚Äù de estos virus en la naturaleza. https://t.co/Dg56ycwjay
184,"A pesar de que la¬†compra online¬†es m√°s propia de hogares j√≥venes con hijos,¬†el miedo al COVID-19 ha provocado un auge del canal comercial online¬†entre los segmentos de poblaci√≥n m√°s mayores. üëá

https://t.co/UZsf6hRk9y"
185,"Baja la demanda de streaming pero aumenta el engagement de las plataformas. El confinamiento  aument√≥ la fidelizaci√≥n de los usuarios a estas plataformas
Netflix, YouTube, Hulu, Amazon Prime y Disney+ acaparan el 80% del consumo en plataformas de v√≠deo
üëá
https://t.co/VdAoP9IcK0"
186,"Oh dioses del coronavirus, tomad nuestros pol√≠ticos como ofrenda para quitar esta maldici√≥n!"
187,"En #Italia  donde ya pas√≥ lo peor de la #PandemiaDelCoronavirus mueren casi 90 tipos por d√≠a...
Ac√° el alverso y larrata te quieren hacer creer que mueren 15 por d√≠a en toda #argentina por #COVID19 . El #estadogenocida te miente. Pero te dejan hacer #running .
#coronavirus"
188,"@QuejasCuenca Como todo en la vida, el impacto inicial que genera algo nuevo va desapareciendo y perdiendo inter√©s entre la gente, el miedo es reemplazado por necesidades m√°s apremiantes, y los objetivos cambian en raz√≥n al tiempo, en unos meses m√°s nadie estar√° pendiente del coronavirus"
189,Coronavirus: Del ozono a la luz ultravioleta: ¬øen qu√© sistemas de desinfecci√≥n 'anticoronavirus' se puede confiar? | BuenaVida | EL PA√çS https://t.co/gTUQaSyXcd @EstebanOrtizMD
190,‚ôøÔ∏èüè° Personas con #disCapacidad viven aisladas con y sin #coronavirus #Covid19 üëâüèª https://t.co/QphBED9EfZ
191,"¬°Una realidad que debe cambiar!

‚úäüèª Unidos la voz se har√° m√°s fuerte üëâüèª ‚ôøÔ∏èüè° Personas con #disCapacidad viven aisladas con y sin coronavirus #Covid19 üëâüèª 
https://t.co/QphBED9EfZ https://t.co/Ydm7yalqu1"
192,"Mortalidad del #Coronavirus (% Sobre el total y sobre casos resueltos (√öltimos 5 d√≠as)
             M          T          CR
02/06 375.994  5,97%  12,19%
03/06 380.773  5.94%  12,17%
04/06 386.464  5,91%  12,03%
05/06 391.588  5,88%  11,94%
06/06 395.331  5,84%  12,52%"
193,"Total casos de #Coronavirus  (√∫ltimos 10 d√≠as)
Mayo 28  5.716.570
Mayo 29  5.837.541
Mayo 30  5.998.070
Mayo 31  6.087.902
Junio 01  6.193.548
Junio 02  6.289.259
Junio 03  6.405.532
Junio 04  6.535.019
Junio 05  6.658.334
Junio 06  6.759.210"
194,"üìûSi tiene s√≠ntomas o dudas del #Coronavirus COVID-19, contacte con la l√≠nea de atenci√≥n ciudadana al 148. No te automediques y permanec√© en su domicilio 

 # QuedateEnCasa 
# CuidarteEsCuidarnos https://t.co/i40rdzPV6o"
195,"@CRISARM1 @jcarlosaizprua @juparu_ec @JorgeWated No pueden hacer un simple levantamiento de hipoteca,a personas vulnerables exigen se presente PERSONALMENTE llevando COPIAS de tooooodos los documentos que ellos tienen en ORIGINALES, que tal?  Y el coronavirus? Debe ser autom√°tico y llamarlos a firmar la escritura  @Jorgewated"
196,"@vixita @amarillo_x100pr Pues si la OMS es la principal culpable de tantas muertes en el mundo al imponer a los gobiernos un protocolo para tratar el coronavirus equivocado, muchos doctores se han dado cuenta de aquello pero los han amenazado con quitarles la licencia y son pocos los que reclaman"
197,Primicia! Noticias de Covid-19: Las infecciones estimadas por coronavirus han ca√≠do en Inglaterra #Noticias aqu√≠ y ahora #noticiasdeldiadehoy #Ciencia Ciencia https://t.co/HhuO1mAjYO https://t.co/uVK0psrxnu
198,En esta web puedes revisar las actuales restricciones de viaje por el COVID-19 alrededor del mundo: TripsGuard es una web como tantas otras que han nacido de la extraordinaria situaci√≥n que vive el mundo actualmente debido al coronavirus. Esta en‚Ä¶ https://t.co/pGGfBRQbAI
199,ü¶† Coronavirus | Brasil supera a Italia y se convierte en el tercer pa√≠s con m√°s muertos con coronavirus. https://t.co/ZGtG8s1UWt ‚Üí RTVE https://t.co/sSjZM43mUv
200,"Coronavirus Espa√±a hoy, noticias de √∫ltima hora en directo | Brasil amenaza con abandonar la OMS por su ""sesgo ideol√≥gico"" https://t.co/zQm6YQyBXm 
El peligro de poner a fan√°ticos fascistas a los mandos de un pa√≠s. Abascales del mundo!"
201,#ATENCI√ìN | Con el cambio a sem√°foro amarillo es posible trasladarse a otros cantones con las mismas restricciones ¬ª https://t.co/31Cf85sCYa https://t.co/ODJ2RzsYFE
202,"Viernes 5 de junio: A un paso de la fase 3, Cuenca suma cinco casos m√°s de coronavirus y contin√∫a sin registrar fallecidos https://t.co/LmJVjZVTPj"
203,"Emotiva bienvenida al comisario de Cuenca tras estar ingresado, por coronavirus, 77 d√≠as https://t.co/JPP9koecXy"
204,"NO SE PUEDE PERMITIR ESTO
https://t.co/kAsVa4nIxa"
205,"M√°s provincias se suman a la entrega solidaria de medicinas por parte del Comit√© de Emergencia por Coronavirus de Guayaquil.
La reactivaci√≥n econ√≥mica de la ciudad a trav√©s del trabajo, esfuerzo y solidaridad de todos, es otra de las preocupaciones de este comit√©. https://t.co/Ful1FIxwy1"
206,"@CMaciasPeralta Gracias por la alerta.

¬øSe refiere al nuevo coronavirus que est√° afectando a ni√±os en Europa?"
207,"#BSC realiza nuevas pruebas de coronavirus 
https://t.co/q5rfnoMKHV"
208,¬øPor qu√© no es tan buena idea viajar fuera de la ciudad en sem√°foro amarillo? https://t.co/h2aBH6A0ne https://t.co/mWALgGujCD
209,"El principal problema de #Peru en este momento de pandemia #coronavirus es el ox√≠geno. 

La informaci√≥n que nos llega es que se acab√≥. 

Que desgracia."
210,Cartier apoya al emprendimiento femenino a pesar del Covid-19 https://t.co/1HZQMLov0n #coronavirus
211,"Cuatro choferes del transporte urbano en #Quito resultaron positivo al #covid19; estaban laborando desde el 3 de junio del 2020. Eso sucede cuando se toman medidas sin previsiones, se debieron realizar test a choferes con antelaci√≥n https://t.co/qcp5e04wyj https://t.co/NdBK5bqw6T"
212,"Para los que tienen play 4, revisen las promociones hay EXCELENTES JUEGOS en menos de $20.
Fifa 20 edici√≥n est√°ndar $11
Days gone $15
God of war $15
Spiderman con todos los DLC $15
Just league 2 $5
Muchos m√°s.
#coronavirus
#COVID
#DiaMundialDelMedioAmbiente"
213,"El s√≠ndrome inflamatorio multisist√©mico, evento asociado al COVID-19 que afecta a ni√±os y j√≥venes, se incluir√° en informes del coronavirus en Ecuador‚ñ∫https://t.co/c7R0s1QLsW https://t.co/OgTs3Lcobs"
214,"FALSO ESO NO ACONSEJA, pueden escuchar la rueda de prensa en la pagina de la OMS https://t.co/qA5TmeaA7K https://t.co/Y0xWDTcAPU"
215,@eluniversocom Y eso que la mam√° falleci√≥ por Coronavirus!!!.
216,"@NaldOFosteR @Andrea33116293 @erikavelezz JAJAJAJAJAJAJAJA soy china, pero no tengo coronavirus. Tranqui. ü§£ü§£"
217,‚Ä¢ Tasa de tests del coronavirus en pa√≠ses m√°s afectados del mundo 2020  https://t.co/nDnOoLQJiG
218,Ma√±ana dir√°n que el coronavirus no es tan peligroso. ü§¶üèΩ‚Äç‚ôÇÔ∏è https://t.co/tVK0VO5j9v
219,bien para nada. En fin ahora no solo debemos aprender a vivir con el #CoronaVirus pero con las personas que se quieren enriquecer a costa de otras. Definitivamente el ser humano es un asco. #QuedateEnCasa
220,Coronavirus: Jair Bolsonaro amenaza con salir de la OMS y minimiza la cr√≠tica que hizo Trump a su estrategia de salud https://t.co/zHw74pGvvJ via @LANACION
221,"#Emergencia  #Coronavirus 

No soy de fierro ,pero le damos hasta que se nos acabe las energ√≠as üòâ, Al terminar nuestro d√≠a cerramos en el Centenario ( Una parte ) para entregar v√≠veres ( arroz , guineo y huevo ) con mucho cari√±o 

LArry Alcalde ‚úî https://t.co/f7XekBPhzt"
222,La Federaci√≥n Inglesa decidi√≥ darle el t√≠tulo a las Blues pese a que marchaban segundas cuando se suspendi√≥ el torneo por la pandemia de #coronavirus. https://t.co/hCzGhAHRzR
223,"‚ÑπÔ∏è‚ÑπÔ∏è‚ÑπÔ∏è Si no pudiste realizar tus transacciones entre semana, recuerda que ma√±ana atendemos normalmente CON TODOS NUESTROS SERVICIOS y con todas las condiciones de bioseguridad. üòÉüòÑ

üóì Revisa los horarios aqu√≠: https://t.co/Ua4xtw76Rm https://t.co/ifXTTvIyPC"
224,"Hoy que casi me muero intoxicada(literalmente), comprob√© a√∫n m√°s que estamos llegando a la locura con tal de ""cuidarnos"" del coronavirus, que a ratos en lugar de hacernos un bien terminamos peor. 

LECCI√ìN DEL D√çA: no tomar nada que no tenga registro sanitario."
225,"Mar√≠a del Mar Lucio Paredes es una quite√±a que lucha contra el coronavirus en el epicentro de la pandemia en Am√©rica: la ciudad de #NuevaYork, en donde han muerto m√°s de 16.000 personas a causa del virus. Este es su relato ‚ñ∂Ô∏è https://t.co/XZ4YFMxsez https://t.co/vnzavicLQj"
226,En mi pa√≠s tenemos m√°s casos de corrupci√≥n que de CORONAVIRUS.üò•üò•
227,"@duvanacg @MoralesDaniel26 @ImpactoNewsCol Curiosamente nadie en Europa se est√° cuidando. Todo el manejo de informaci√≥n ha sido muy ""raro"". 
Pero las econom√≠as latinoamericanas no pueden con las cuarentenas, nos van a matar de hambre y no por el coronavirus. Tenemos realidades muy diferentes. ü•∫ü•∫"
228,"A Darwin Romero,sobreviviente de Coronavirus,buen amigo y sagaz pol√≠tico,felices 53! Se merece el tiempo suplementario tras duras pruebas familiares y profesionales. Gran abrazo. https://t.co/HN8o2s2Mx1"
229,"Atienden m√°s casos de da√±os en la piel e intoxicaciones en #Guayaquil. Lo asocian con la mayor frecuencia del uso de desinfectantes en las casas. üîΩ
 https://t.co/iRRRKKoHEG"
230,Conoce los resultados de la encuesta IMPACTO COVID-19 sobre aspectos de confinamiento en el pa√≠s: https://t.co/r2Gotuf3Hh #ImpactoCovidEcuador #Covid19 #AsesoramientoEstrat√©gico #Coronavirus https://t.co/jFNYkaqXoZ
231,"Buenas noches, para pedirles como siempre dentro de la pandemia que no se olviden rezar todos los d√≠as el sant√≠simo Rosario a Dios y la Sant√≠sima Virgen Mar√≠a, agradeciendo por estar vivos y pidiendo nos libren del Coronavirus."
232,"Alcalde JSC ""en nuestra Caminata Solidaria en la Parroq. San Carlos tuvimos la alegr√≠a de observar muy bien protegidos a la gran mayor√≠a de vecinos.

Las armas m√°s poderosas contra el Coronavirus:

Oraci√≥n y Prevenci√≥n 
Disciplina y Mascarilla

Dios nos Bendiga y Proteja a todos"" https://t.co/WTOd3qGQMo"
233,"Adem√°s, se planific√≥ generar un ejercicio evaluatorio del proceso inmiscuyendo la situaci√≥n del coronavirus, programado para finales del 2020. https://t.co/LN8Wb4pMbL"
234,"Herederos de negocios: Ivonne, Marcelo y Juan Carlos quedaron al frente de Almacenes Burda tras la muerte de su padre por el coronavirus ‚ñ∫https://t.co/Bps4mup2gJ https://t.co/GPouqQRqte"
235,"https://t.co/PFI1VaJUVN y q dice d esto el""incorruptible"" del @LoroHomero y su pandilla #genocida"
236,"@rafaga_deluz Lo que veo, es que el coronavirus juega al pepo  ahi."
237,"Coronavirus: Rusia anuncia que avifavir, f√°rmaco contra COVID-19, ser√° gratuito y desarrollan vacunas contra pandemia | https://t.co/JiUm4Jnc1y https://t.co/N4D9HygCEc"
238,"Mi hijo Joaqu√≠n 7 a√±os de la Provincia del Chaco .... Habla del Coronavirus ..... 
@alferdez https://t.co/jzgGZqt9iU"
239,"Liga de Quito calcula p√©rdidas de USD 4,6 millones por la paralizaci√≥n de la pandemia del coronavirus https://t.co/NkprQBqcWR"
240,"#LasM√°sLe√≠das | El representante de los cient√≠ficos ecuatorianos defiende el aporte de sus colegas en la lucha contra el #COVID19 y expresa que requieren de m√°s apoyo,  en especial de la empresa e industria nacional y del Ministerio de Salud. https://t.co/AUaxPerMaQ"
241,Sala del tesoro del Palacio de Dresde reabre tras gran robo y la pandemia de coronavirus‚ñ∫https://t.co/XmUFvJa7Ov https://t.co/zeeF5TE8Pg
242,"@PERIODICOELPEN1 @CynthiaViteri6 @CLMoralesB @EcuadorCGE La gente corrupta y con los egos. Yo soy el mejor... Cantante... Jugador.. Abogada..
Mi hogar de amor de Dios. No es correcto defender las perversiones de la familia, con la crueldad extrema, afectan la vida de un ser humano y a los pacientes del coronavirus. https://t.co/SVo1NGpS2Q"
243,Trump Se agarr√≥ un murci√©lago y cre√≥ el Coronavirus https://t.co/hxBwRtync0
244,Gracias a @ECUADORCHEQUEA por la invitaci√≥n a comentar el trabajo de las Universidades p√∫blicas y privadas en el diagn√≥stico de Coronavirus üî¨ https://t.co/4szIDQbAGO
245,"Aprovecha esta magn√≠fica promoci√≥n . . .                                   P√°rale el carro al coronavirus... cuida tu salud, la de tu familia, la de tu personal y tus clientes  #prevencion #DistanciamientoSocial #COVID„Éº19 #FrenarLaCurva #coronavirus https://t.co/qdkyJnBYKz"
246,"//: Pero la peor parte es que asegur√≥ que habra una cat√°strofe peor que el coronavirus en el horizonte, y que esta llegar√° entre el 20 de diciembre de 2020 y marzo 2021.
#GuardenEsteTweet"
247,"La vicepresidenta de Venezuela, Delcy Rodr√≠guez, anunci√≥ este viernes que durante las √∫ltimas 24 horas se registraron 58 nuevos casos de coronavirus, lo que eleva a 2.145 el total de contagios. La cifra de fallecidos se mantiene en 20. https://t.co/KLYfSFTlie"
248,Lo importante que es este acto para la sociedad y lo sab√≠amos https://t.co/hxikQVq7w0
249,"Durante el mismo lapso, el pa√≠s registr√≥ 30.830 nuevos casos de coronavirus, elevando el total a 645.771.
Con estas cifras, Brasil es la segunda naci√≥n m√°s afectada por la pandemia del coronavirus; solo detr√°s de EE.UU., que registra un total de 1.894.753 casos confirmados."
250,Cu√°nto depende el mundo de los medicamentos que produce China (y qu√© riesgos implica en plena crisis del coronavirus) https://t.co/kQe8RrocRV
251,Primer caso de #Coronavirus en el cant√≥n #Chunchi. https://t.co/G4t6Ynx7lO
252,"Escuchamisderechos | ¬øC√≥mo afecta el coronavirus en los ni√±os?

üìåL√©alo completo en:  https://t.co/w5DWGSPwAe

#Escuchamisderechos
#Ni√±asyni√±os
#Salud 
#covid-19 Coronavirus en los ni√±os https://t.co/E2lc2DAr1e v√≠a @YouTube"
253,"Gabinete Ampliado revis√≥ las prioridades del Gobierno, tras el impacto del coronavirus. M√°s detalles üëâhttps://t.co/t0yo792ZjS https://t.co/JvYEE3ONue"
254,Anuncian 58 nuevos casos de coronavirus en Venezuela https://t.co/24SeQc6usU
255,"El gabinete ampliado revis√≥ las prioridades del gobierno, tras el impacto del coronavirus

https://t.co/3vO3Wrhy9o https://t.co/3xLeZh5vFx"
256,El Ministerio de Salud de Colombia inform√≥ la tarde del viernes que el pa√≠s suramericano registr√≥ 58 decesos por coronavirus y 1.515 casos confirmados en las √∫ltimas 24 horas. https://t.co/ag4oOF7j33
257,"Tras casi tres meses de confinamiento por la pandemia del #coronavirus, trabajadoras sexuales de #Per√∫ han organizado una olla com√∫n para poder sobrevivir con sus hijos. https://t.co/Qv9f5BS5TD"
258,"El Ministerio de Salud de Argentina report√≥ este viernes 840 nuevos casos de coronavirus y 24 muertes en la √∫ltima jornada. 
De acuerdo al bolet√≠n de este 5 de junio, la cantidad de infectados en total asciende a 21.037, mientras que los decesos suman 632. https://t.co/sqHYw3g9ru"
259,"13.456 vidas se perdieron en #Guayas por encima del nivel hist√≥rico; corte al 31 de mayo, con datos de Registro Civil. 
Es el verdadero saldo del #coronavirus. 
@paulmenam EL UNIVERSO 
üëá 
Consulte en:  https://t.co/uFck7o8K9s https://t.co/GgDK78bc6A https://t.co/1oy1ZbOLYr"
260,Coronavirus: el sexo es v√≠a de contagio incluso tras superar la enfermedad https://t.co/jjjXNT2qPZ
261,"La Secretar√≠a de Salud de M√©xico actualiz√≥ a 110.026 los casos confirmados acumulados de coronavirus, al sumar 4.346 nuevos contagios a la base de datos del Gobierno federal. https://t.co/hVCzFJ15vz"
262,"CASOS Coronavirus 

üáßüá∑Bra 645.826
üáµüá™Per 187.400
üá®üá±Chi 122.499
üá≤üáΩMex 110.026
üá™üá®Ecu 41.575
üá®üá¥Col 36.635
üá¶üá∑Arg 21.037
üá©üá¥RD 18.708
üáµüá¶Pan 15.044
üáßüá¥Bol 12.245
üá¨üáπGua 6.154
üá≠üá≥Hon 5.880
üá∏üáªES 2.849
üá®üá∫Cub 2.133
üáªüá™Ven 2.087
üá®üá∑CR 1.228
üá≥üáÆNic 1.118
üáµüáæPar 1.087
üá∫üáæUru 834

#COVID19 #SARSCOV2"
263,"#ATENCI√ìN 
#Cuenca se mantiene en ""sem√°foro amarillo"" üö¶hasta el domingo 14 de junio del 2020. As√≠ lo resolvi√≥ esta noche el Comit√© de Operaciones de Emergencias (COE) Cantonal. Fuente: @MunicipioCuenca #Noticias #Ecuador #Coronavirus https://t.co/9KwgewWHFn"
264,"#M√©xico 
Supera los 110.000 casos confirmados de #coronavirus y ya suma 13.170 #muertes

La Secretar√≠a de Salud de M√©xico actualiz√≥ a 110.026 los casos confirmados acumulados de coronavirus, al sumar 4.346 nuevos‚Ä¶ https://t.co/rt5yBbDnY4"
265,¬øPor qu√© no es tan buena idea viajar fuera de la ciudad en sem√°foro amarillo? | El Comercio https://t.co/jZ7wVBUsZU
266,".@MD_FranciscoPG Coordinador @Salud_cz8 entreg√≥ 1900 pruebas r√°pidas  #Covid_19 a Francisco J√°come, Director @GuayasCJ , con el fin de fortalecer las acciones emprendidas contra el coronavirus.

#ActivadosPorLaSalud https://t.co/e1OKvSiERo"
267,"La pandemia mundial como el Coronavirus, no impide que el emprendedor guayaquile√±o busquen la forma de ganar para tener alimentos para la familia, por eso artesanos ya preparan sus monigotes para este fin de a√±o.

#GuayaquilEmprende https://t.co/338MgX7n4G"
268,"@Krissbravog @mromerorivera Carceles con coronavirus, para que conforme se vayan llenando, se vayan desalojando en fundas negras a esta peste maldita de pol√≠ticos descarados."
269,"El polit√≥logo #NoamChomsky advierte del peligro que significa el sistema capitalista para la vida de los estadounidenses tras el brote de la COVID-19.

Historia Completa: https://t.co/xtMPGPmQfh
#EEUU #COVID19 #Capitalismo @HispanTVcanal https://t.co/yniQJTNTJp"
270,"""Es dif√≠cil imaginar algo m√°s indigno que ver pudrirse a un ser amado o tener que enterrarlo entre cuatro endebles paredes corrugadas""
https://t.co/bpPsEiT8eG"
271,#DiaDelMedioAmbiente #UnaSolaSalud Los ecosistemas saludables solo ser√°n posibles si garantizamos la biodiversidad de especies. Revisa m√°s en üëâüèºüëâüèæhttps://t.co/FEKzHW02hv @reactgroup @forosaludec @foro_ecologista @ALAMESLA @AlamesMexico @FAOAmericas @Colectivo_PRODH https://t.co/R4DIJvFyjq
272,"#DiaMundialDelAmbiente | Cuidar la salud de los ecosistemas y de los animales para consumo humano ayuda a salvaguardar los antibi√≥ticos y evitar el brote de enfermedades. #UnaSolaSalud
https://t.co/ajGof745MG 
@ifarma @esmedicinamdp @SaludSAmbiental @FNS_OficialSV @AcEcologica https://t.co/lAI7VVOnyU"
273,Indignaci√≥n en #Colombia por un caso similar al de #GeorgeFloyd: un joven negro muri√≥ tras una golpiza policial. Anderson Arboleda es un joven del Cauca que fue brutalmente reprimido al ser sorprendido violando la cuarentena por el coronavirus. https://t.co/owOqQ6mR6i
274,"El s√≠ndrome inflamatorio multisist√©mico, evento asociado al #COVID19 que afecta a ni√±os y j√≥venes, se incluir√° en informes del #CoronavirusEnEcuador ‚ñ∫ https://t.co/LXucgsKrrD https://t.co/I3DGEftq9K"
275,"Coronavirus üíÄ
T-800 boceto https://t.co/0G78YmLVze"
276,"#DiaMundialDelAmbiente | Cuidar la biodiversidad y los ecosistemas as√≠ como implementar sistemas agroalimentarios sostenibles para contener el aparecimiento de pandemias. https://t.co/ajGof745MG 
@reactgroup @ifarma @esmedicinamdp @SaludSAmbiental @AcEcologica @FNS_OficialSV https://t.co/4gE6uVzAoC"
277,#DiaMundialDelAmbiente | Cuidar la salud de los ecosistemas y de los animales para consumo humano ayuda a salvaguardar los antibi√≥ticos y evitar el brote de enfermedades. #UnaSolaSalud. https://t.co/FEKzHW02hv @ifarma @esmedicinamdp @SaludSAmbiental @forosaludec @FNS_OficialSV https://t.co/fZHm6jwuOQ
278,Toda una orgia de #Violencia y desenfreno üò†si a al @ecu911sambo no le importa al menos @Salud_Ec act√∫en luego porque los muertos por el coronavirus üò† por favor @unicef_es @opsargentina @OPSECU reclamar que los ni√±os corren peligro ‚úåÔ∏è juntos contra la injusticia y buscando
279,El campeonato de f√∫tbol del pa√≠s asi√°tico se divide en dos para el 4 de julio. Permitir√° hasta cinco sustituciones de jugadores por partido. https://t.co/Ky4zkLplkV
280,#M√°sLe√≠das: La ‚Äòvida‚Äô del nuevo coronavirus depende de las condiciones climatol√≥gicas y otros factores externos como la limpieza.
281,Coronavirus en Estados Unidos: ¬øes la ca√≠da del desempleo el inicio de la la recuperaci√≥n econ√≥mica postpandemia? https://t.co/OtqooWjIcj https://t.co/QGt6yXf3QV
282,#DiaMundialDelAmbiente | Los residuos de antibi√≥ticos van a parar al agua y los suelos afectando el ambiente. #UnaSolaSalud. https://t.co/FEKzHW02hv @reactgroup @ifarma @esmedicinamdp @SaludSAmbiental @forosaludec @FNS_OficialSV https://t.co/k7584yFeao https://t.co/nsd0ThHP9A
283,"#URGENTE 

¬°CLUB DE F√öTBOL DE BRASIL REPORTA 17 CASOS DE CORONAVIRUS! 

(AQU√ç LOS DETALLES)
https://t.co/XbhVkOxJhB https://t.co/clZ6KiIkby"
284,"üî¥#CovidAlD√≠a | CIFRAS DIARIAS DEL CORONAVIRUS EN ECUADOR (05/06/2020)

*Datos entregados por @Riesgos_Ec*

Estas son las cifras que ha arrojado el #Covid19Ec. Actualizadas del Viernes 05 de Junio del 2020, en el pa√≠s.

#NosCuidamosTodos
#JuntosNosCuidamos
#Covid19Ecuador https://t.co/bMiwHzkdRf"
285,"#Viernes #Emergencia #Coronavirus #Aeropuerto 

Hoy entregamos implementos ( Term√≥metro y Mascarillas ) para el control de los viajeros que arriban al  aeropuerto , y recibimos al primer vuelo  de reapertura de la empresa @aereoregional .
-
LArry Alcalde ‚úî https://t.co/tUpCBcLpCl"
286,#DiaMundialDelAmbiente | Cuidar la biodiversidad y los ecosistemas as√≠ como implementar sistemas agroalimentarios sostenibles para contener el aparecimiento de pandemias. https://t.co/FEKzHW02hv @reactgroup @ifarma @esmedicinamdp @SaludSAmbiental @forosaludec @FNS_OficialSV https://t.co/S3KNfnONKY
287,Recordando posts:  ¬øC√≥mo afectar√° el coronavirus a las cervecer√≠as? https://t.co/OHma24dtVg #homocervecerus #beerblog #beerblogger #beerpost #cerveza #beer #cervezaartesanal #cervezaartesanalecuador #viniciomoya #espa√±a #madrid #spain
288,"Herederos de negocios: Ivonne, Marcelo y Juan Carlos quedaron al frente de Almacenes Burda tras la muerte de su padre po...

#ActualidadTuristicaEc
https://t.co/FdyE1dYxls
El Universo https://t.co/QAiHM3g57I"
289,#DiaMundialDelAmbiente | La ganader√≠a intensiva y su impactos en el ambiente tiene sus impactos en la salud humana. #UnaSolaSalud. https://t.co/FEKzHW02hv @reactgroup @ifarma @esmedicinamdp @SaludSAmbiental @forosaludec @FNS_OficialSV https://t.co/k7584yFeao
290,Las universidades ecuatorianas intervinieron para realizar las pruebas PCR que diagnostican el nuevo coronavirus. ¬øC√≥mo se realiza este procedimiento? @lindaguaman nos lo explic√≥ en #CienciavsCovid https://t.co/Z9F8FZs3R7
291,El virus ü¶† Chino fue creado en laboratorio üî¨  https://t.co/hsMe9pD2c0
292,"üö® #ATENCI√ìN | El n√∫mero de fallecidos por coronavirus ascendi√≥ a 3.592 en Ecuador, donde la cifra de contagios confirmados totaliza 42.106, es decir 531 casos en las √∫ltimas 24 horas.

‚è≥ 2.378 fallecidos probables por COVID-19.
üìù En Tungurahua: 77 muertos y 551 contagios. https://t.co/umhMx1HQfl"
293,"19h00 Pabel Mu√±oz 
Asamble√≠sta por RC 
Tema: Pedido de Juicio pol√≠tico a Richard Mart√≠nez y allanamientos por sobreprecios @pabelml 

19h30 Dr. Enrique Noboa  
Director M√©dico de Bayer 
Tema: ¬øQu√© tan cerca estamos de encontrar un tratamiento para el coronavirus?"
294,"Juan Sebasti√°n Rold√°n se√±ala que en el Gabinete Ampliado (simult√°neo) han tratado ‚Äúc√≥mo van a manejar las distintas carteras de Estado despu√©s del coronavirus en temas de educaci√≥n, transporte, turismo, salud, empleo y c√≥mo blindar la dolarizaci√≥n‚Äù. https://t.co/ThRkfVZjyO"
295,Las Cortes regionales se suman al minuto de silencio en el √∫ltimo d√≠a de luto oficial por las v√≠ctimas del coronavirus https://t.co/mdov4yl3s8 https://t.co/hfFJeclnDh
296,"üéô#PuntoNoticias | La Prefecta informa que en la provincia existen 4279 casos positivos y 324 fallecidos por coronavirus. Adem√°s, anuncia que los cantones Mej√≠a y Cayambe cambiar√°n de sem√°foro el pr√≥ximo 08 y 10 de junio respectivamente. https://t.co/Uba2JYKFnR"
297,"üìûSi tiene s√≠ntomas o dudas del #Coronavirus COVID-19, contacte con la l√≠nea de atenci√≥n ciudadana al 148. No te automediques y permanec√© en su domicilio 

 # QuedateEnCasa 
# CuidarteEsCuidarnos https://t.co/XXURR5oZkd"
298,Historias del coronavirus: Ellen Mortensen retrasa la expansi√≥n internacional de sus conservas de pepinillo y remolocha https://t.co/GTUzHesXpn @IICAnoticias
299,¬øPor qu√© se activ√≥ este junio el cobro de las cuotas de tarjetas de cr√©dito aplazadas por el covid-19 en Ecuador? https://t.co/trVSi40KHa
300,"Ya sabemos desde MARZO que el coronavirus te hace mierda los pulmones, pero deja de rt que me DESGASTAS MENTALMENTE!"
301,Las autoridades de gobierno y deportivas plantean un plan a largo plazo. Este a√±o no hubo campe√≥n. https://t.co/NlXj2Ge1Dj
302,"En #Necochea #Argentina | Nace la primera beb√© con #coronavirus, tras celebraci√≥n de un 'baby shower' clandestino, con 23 contagios

#SucreEnLaNoticia https://t.co/rGHjZ2sQkh"
303,"¬°Seguimos en pie de lucha contra el coronavirus! Cumpliendo con nuestro compromiso de brindar salud y el bienestar a los guayaquile√±os, entregamos insumos m√©dicos a SOLCA, para seguir apoyando al personal m√©dico en su heroica labor. 
#AGuayaquilLaLevantamosJuntos https://t.co/PwpZmUNivK"
304,"La #OMS tambi√©n advierte que las mascarillas no reemplazan al distanciamiento f√≠sico, la higiene de manos ni a otras medidas de salud p√∫blica. https://t.co/A5nktct0EV"
305,"Por este tipo de cosas, nos merecemos m√°s que un simple virus mortal (coronavirus) https://t.co/xSk5xx1YDt"
306,"Ni√±a naci√≥ con coronavirus luego del baby shower clandestino
https://t.co/8We96cnoo3"
307,"Hoy, con promedio m√≥vil de 3 d√≠as, Per√∫ pas√≥ de disputar el primer lugar de muertes diarias a Brasil, al cuarto lugar de los pa√≠ses latinoamericanos m√°s afectados, luego de Brasil, M√©xico y Chile. Observaci√≥n por mill√≥n de habitantes.  https://t.co/yIxhBSkB5x https://t.co/zQ7e8LI2gv"
308,"Coronavirus: Nueva Zelanda proclamar√° el ""d√≠a de la eliminaci√≥n"" del Covid-19 y le pone fecha https://t.co/2zfOHNeMZ0 via @LANACION"
309,"#COVID19EC Conoce las cifras por #Coronavirus en #Ecuador con 97 Cantones en #sem√°foroEc amarillo
#DisciplinaParaVolver #Covid19 #JuntosEcuador https://t.co/AaBCUdQ2Dk"
310,@Salud_Ec @DrJuanCZevallos  recuerdan que el Sr Ministro dijo en pichincha 1 de cada 5 personas padece de coronavirus pues tiene raz√≥n @LoroHomero
311,"@bonilcaricatura S√≥lo era de que diga que tiene coronavirus y ya, a Panam√°."
312,"#Internacionales | Seg√∫n un estudio gen√©tico, se ha encontrado en murci√©lagos un nuevo coronavirus que podr√≠a ser una ""gran amenaza para la humanidad"" este podr√≠a tener origen en el propio SARS-CoV-2 en una especie regional de murci√©lagos de herradura. https://t.co/XnZKCnoT22"
313,üåé #Mundo | Los datos revelan una importante ventaja de Biden sobre @realDonaldTrump en la carrera por la presidencia de Estados Unidos. Los detalles ‚¨á https://t.co/b3KaXekZjA
314,"#Coronavirus | Cuatro virus potencialmente mortales para los cuales no existe vacuna y c√≥mo aprendimos a vivir con ellos.

‚ñ∂Ô∏è https://t.co/JlyMfHXLhj https://t.co/6hJtT7l9Q6"
315,"mientras el impresentable de Trump presume de resultados econ√≥micos....
el pa√≠s se desmorona...
El covid-19 destruye 1,9 millones de empleos en EEUU en una semana https://t.co/UsHx5Hg5rw"
316,"Amor, comprensi√≥n y ternura, lo que no hay con el Covid 19.
üîΩ
https://t.co/XUIHmxPHB6"
317,"SOLO PERIODISMO:
C√≥mo cambi√≥ el coronavirus el trabajo de los periodistas
https://t.co/PB6SIfQrxh"
318,"SOLO PERIODISMO. En tiempos de pandemia: ¬øPor qu√© se necesita a los periodistas cient√≠ficos?
https://t.co/PB6SIfQrxh"
319,"SOLO PERIODISMO: Dos investigadores teorizan sobre c√≥mo se podr√≠a salir de la pandemia sin vacuna ni cuarentena
https://t.co/PB6SIfQrxh"
320,üî∏#Pichincha | 324 personas fallecidas con la enfermedad. Los detalles ‚¨á https://t.co/QUVbMuMTlB
321,#Internacionales | @BillGates reacciona ante una teor√≠a conspirativa que le involucra en la propagaci√≥n del #Covid_19 y asegur√≥ que no tiene nada que ver con los #microchips que ser√≠an insertados junto con la vacuna contra el #coronavirus. https://t.co/jb7Cr7MlA3
322,"#ALARMANTE | #ECUADOR
6 mil #muertos en emergencia por #coronavirus en #Ecuador.
La provincia con m√°s casos sigue siendo Guayas con 14.326, le sigue Pichincha con 4.375; #Manab√≠ con 2.696.

 https://t.co/Nmuy8fEST4"
323,"@GabrielGarino @JBfalcones @Poppymrb Jajaja p√©rdida de tiempo, eres de los que piensa que el coronavirus no es una amenaza seria.
De casualidad ¬øno crees que la tierra es plana?"
324,"@pabloo492 @RoserRocs @Pedro72381182 Atacas a Pedro S√°nchez y a Iglesias mientras retuiteas al presidente que peor gesti√≥n ha hecho y continua haciendo del coronavirus, incoherencias de la extrema derecha"
325,"Fundaci√≥n Metrov√≠a y Conductores del Sistema, agradecen la donaci√≥n de insumos de protecci√≥n entregada por el Comit√© Especial de Emergencias por Coronavirus en Guayaquil.
¬°Porque a Guayaquil la levantamos juntos! https://t.co/JYKvVmm7F4"
326,"Entrevista a Camilo Pinz√≥n en ‚ÄúAn√°lisis en Tiempos de Coronavirus‚Äù

Camilo Pinz√≥n. MBA y economista especializado en Desarrollo Sostenible. 

Mira la entrevista completa en mi canal de YouTube #MarielaTv o haz click en el siguiente enlace üëâüèºüëâüèº  https://t.co/7VsGbDx6TZ https://t.co/WeNYomHkEl"
327,"#Ent√©rate || @bunburyoficial lanz√≥ el viernes su d√©cimo √°lbum üé∂Posibleüé∂, con un mensaje introspectivo que encaja con los tiempos del coronavirus. 
üëâ‚ÄúYo particularmente no voy a hacer conciertos con el p√∫blico dentro de un auto‚Äù, mencion√≥.

M√°s: üìÑ https://t.co/lIGRr4IccF https://t.co/xfLpelYdVS"
328,Dirigido a aquellos que han perdido a un ser querido por COVID-19. https://t.co/cYN5ThFiOh
329,#Coronavirus: Uso de mascarillas durante encuentros sexuales recomiendan investigadores de Universidad de Harvard ‚ñ∫ https://t.co/rxPh25W8db https://t.co/sgnAvoUs9K
330,"COVID19 Kits Test R√°pido
Resultados en 10 Minutos

Venta por mayor min. 500 unidades 
USD 15 c/u

üëâüèª https://t.co/PyQY3oBo7d

Contactos 099-7565605

#covid19 #covidecuador #coronavirus #ecuador #TestRapido #test #positivo #negativo #guayaquil #samborondon #pruebas https://t.co/vzPvWXrX3k"
331,"Ser√° verdad ya no se a quien creer esto asusta 
El ni√±o que predijo la pandemia de coronavirus advirti√≥ que se avecina otra cat√°strofe mundial - Infobae https://t.co/e32gDfBnnw"
332,La monoton√≠a mata üòûac√°bate ya coronavirus
333,"El Ministerio de Salud de Per√∫ inform√≥ este viernes 5 de junio que el n√∫mero de contagiados por coronavirus se elev√≥ a 187.400 en este pa√≠s sudamericano, tras confirmarse 4.202 casos en las √∫ltimas 24 horas. https://t.co/7FBHnKkVlV"
334,"üõëACTUALIZACI√ìN  Ecuador casos covid19, 5 junio: 42.106 contagiados. 3.592 fallecidos por coronavirus y 2.378 con sospecha https://t.co/0zvLvEVGdZ"
335,Cuatro conductores del transporte metropolitano dieron positivo para #coronavirus ‚ñ∫ https://t.co/hxFqAaWvCX https://t.co/tEoeNLfPls
336,"OTRO PACIENTE EN EL PISO TIRADO Y ABANDONADO en el Hospital Universitario de Maracaibo. Ayer report√© un muerto de Coronavirus, y √©ste no s√© que tiene-&gt; https://t.co/1Drv4Tr7Jm"
337,Cuatro conductores del transporte metropolitano dieron positivo para coronavirus https://t.co/hmVvhQUubv
338,@AlfredoProao2 @MauricioFHG @CarlosVictorM @esantos1957 @zambrano_iz @diegooquendo @CleverJimenez69 @Lavecinatomas @PedroLlamo Este compa est√° con Coronavirus
339,"Fans se lanzan contra Miguel Bos√© por comentario sobre el #coronavirus

#LaBrujaEc #LaRadioDelEcuador https://t.co/qLrZr9wKPb"
340,"El vocero del FMI Garry Rice, confirm√≥ que el Ecuador podr√° solicitar $250 millones en julio si continuase el shok del coronavirus.  https://t.co/seIXZ8HKDS https://t.co/i3cavc1dj6"
341,"#ACTUALIZACI√ìN
3.592 personas han muerto en #Ecuador por #coronavirus, 484 de ellas en #Manab√≠. ‚ñ∫‚ñ∫ https://t.co/ioO0YlCchi https://t.co/fEHrQ8Ofah"
342,"#ACTUALIZACI√ìN
3.592 personas han muerto en #Ecuador por #coronavirus, 484 de ellas en #Manab√≠. ‚ñ∫‚ñ∫ https://t.co/dBHqggctg4 https://t.co/pEVY6wXfKT"
343,"#ACTUALIZACI√ìN
3.592¬†personas han muerto en #Ecuador por #coronavirus, 484 de ellas en #Manab√≠. ‚ñ∫‚ñ∫ https://t.co/SxWHdKX13G https://t.co/4NX0xfps8l"
344,"#ACTUALIZACI√ìN 
En la provincia de #Manab√≠ se registran 2.696 personas contagiadas por #coronavirus ‚ñ∫‚ñ∫ https://t.co/dBHqggctg4 https://t.co/Z7HjMwmA0B"
345,"@joseloldu @Fbrizzio Ac√° tambi√©n ya parece que no ha pasado nada, y todas las noticias est√°n enfocadas en los √∫ltimos casos de corrupci√≥n y se olvidaron del coronavirus. El tiempo lo dir√°."
346,"#ACTUALIZACI√ìN 
En la provincia de #Manab√≠ se registran 2.696 personas contagiadas por #coronavirus ‚ñ∫‚ñ∫ https://t.co/dBHqggctg4 https://t.co/sBNFBQKKF0"
347,"#ACTUALIZACI√ìN 
En la provincia de #Manab√≠ se registran 2.696¬†personas contagiadas por #coronavirus ‚ñ∫‚ñ∫ https://t.co/SxWHdKX13G https://t.co/obsTpqkQ8V"
348,"¬°Nueva Prueba!

Ahora el #UEESBiolab cuenta con la prueba de #Quimioluminiscencia para determinar los anticuerpos que genera el organismo ante el #COVID19

#UEESCLINIC #Coronavirus #EnConstanteInnovaci√≥n https://t.co/P0xIQCbIwW"
349,El mensaje de frederik en instagram es lo mejor que te puede pasar en tiempos de coronavirus @auronplay
350,"El ser humano no solo est√° expuesto a virus y bacterias, tambi√©n los comportamientos groseros pueden ‚Äòinfectarlo‚Äô, as√≠ lo revela un estudio. https://t.co/dJ3XXmnmzJ"
351,Herederos de negocios: Levantarse de cada ca√≠da y empezar de nuevo es la mayor ense√±anza que Carla Colombara tiene de su padre Carlo ‚ñ∫ https://t.co/oBDhBx3REo https://t.co/pu5W32si2l
352,"#Noticias En Corea, un vendedor minorista de productos sanitarios se convirti√≥ en unnuevo foco de infecciones de coronavirus. M√°s detalles: https://t.co/Qal4YDzEQN"
353,"@13Paolaandrade @Alfredo_Adum_Z üìç DIOS ES UNA IDEA üí°
#CORONAVIRUS

‚õîÔ∏è AS√ç MISMO SON ESTE TIPO DE PERSONAS QUE ROBAN NOMBRANDO A DIOS PARA CALMAR AL VULGO.

‚õîÔ∏è EL CONOCIMIENTO ES REAL, LA RELIGIOSIDAD UNA IDEA INVENTADA POR EL MISMO SER, ESTUDIE üõã"
354,En Televisa M√©xico hicieron pruebas de #coronavirus a los actores de #Tedoylavida y dos de sus estrellas dieron positivo sin tener s√≠ntomas. https://t.co/p93AQlBXEo
355,"üì£ IMPORTANTE | En el marco de las acciones integrales frente al #COVID-19, emprendidas por @GuayasCJ, la @Salud_CZ8, entreg√≥ 1.900 unidades de pruebas r√°pidas para la toma de muestras del coronavirus en la provincia ‚§µÔ∏è https://t.co/K7gO5Ef7gA"
356,"@lopezdoriga No pu√©s si entonces este idiora ya esta desahuciado ya tiene el coronavirus por MENTIROSO , RATERO Y TRAIDOR se va a ir al infierno https://t.co/lBMOprrw6O"
357,Se recomienda a los #seguidores revisar el mapa de expansi√≥n del #coronavirus que llega a los 6.7 millones de #contagio a nivel #internacional: https://t.co/hrYFYuEvsd https://t.co/vIosua1S8W
358,"Vean esto, en California: 

""Reuniones sociales al aire libre de hasta 12 personas""

PERO . . . 

""Protestas permitidas de hasta 100 personas""

Esto debe ser un puto chiste.

#COVID„Éº19 #coronavirus https://t.co/heGtJyfrKF"
359,"5 controversias de la estricta cuarentena por coronavirus en Argentina, que ya es m√°s larga que la de Wuhan https://t.co/F5L0GzSrxa"
360,"El ministerio de Salud confirm√≥ que se instal√≥ un sistema para vigilar s√≠ntomas en ni√±os con coronavirus ya que la OMS alert√≥ de la presencia del s√≠ndrome inflamatorio multisist√©mico, que afecta m√°s a menores de edad, en cualquier fase del covid-19."
361,"JORGE GLAS, POR INSEGURIDAD, SE SALV√ì DE SER VIOLADO
 El jueves 4 de junio 2020, en la tarde, un reo simul√≥ tener coronavirus. El guardia, dej√≥,la celda,sin seguro,aparecieron 23 reos al toqueteo.Glas grit√≥ fuerte para no ser violado, acudieron los guardias y pudieron salvarlo. https://t.co/VWPW42kWro"
362,"Dicen que les molesta usar la mascarilla, pero si ya andaban enmascarados antes del Coronavirus."
363,"Chile registr√≥ 92 muertes por coronavirus, su mayor cifra en un d√≠a. M√°s detalles üëâhttps://t.co/l2zZD9VsIJ https://t.co/sWQW1BiR05"
364,"Actualizaci√≥n de cifra de #coronavirus en #Ecuador 

M√°s detalles üëâüîó https://t.co/CxVgQyvxB7 https://t.co/sP1LynDjHT"
365,"La Alianza Transnacional para Combatir el Comercio Il√≠cito advierte que el #coronavirus y las acciones que los gobiernos han asumido para frenarlo, han generado nuevas oportunidades para las actividades comerciales il√≠citas en la regi√≥n. @TRACIT_org 
M√°s‚¨áÔ∏è
https://t.co/4eqw7dFCdd"
366,"@AlecCardenas Guayaquil sufri√≥ el coronavirus como las grandes ciudades del mundo, de manera dram√°tica, que rebas√≥ toda su infraestructura y ha logrado recuperarse con esfuerzo, solidaridad y trabajo. 
Ninguna ciudad grande podr√° decir que est√° libre de una pandemia."
367,"Se acuerdan que en Italia decian ahi ya se acabo, no hay coronavirus. Ahi esta. https://t.co/Aewyo193GD"
368,"Esta semana la epidemi√≥loga de enfermedades infecciosas de la Organizaci√≥n Mundial de la Salud (OMS), Maria Van Kerkhove, indic√≥ que el coronavirus no est√° mutando para ser m√°s severo o m√°s contagioso. https://t.co/PpwchMopRP"
369,Las Cortes regionales se suman al minuto de silencio en el √∫ltimo d√≠a de luto oficial por las v√≠ctimas del coronavirus https://t.co/KDwiKFMXk4 https://t.co/BI4Y4GgOWk
370,"Las cifras actualizadas del avance del coronavirus en Ecuador registran este 5 de junio, 42.106 casos, seg√∫n Ministerio de Salud. üëâ https://t.co/hu1eJt6Vo9 https://t.co/9QkAkShO8M"
371,"El Reino Unido alcanz√≥ hoy 40.261 muertos por coronavirus confirmados por test en hospitales, residencias y domicilios, tras sumar otros 357 fallecidos, inform√≥ el Ministerio de Salud brit√°nico. https://t.co/pYVEr5Ftt2"
372,"El n√∫mero total de muertos desde que se inici√≥ la emergencia de coronavirus en el pa√≠s, el 21 de febrero, es de 33.774, y los casos totales de contagio ascienden a 234.531, contando los enfermos, los muertos y los dados de alta."
373,Ideas para viajar despu√©s del coronavirus por @directoriodemic https://t.co/iXqvh4D36U
374,"No, el covid no ha mutado para ser menos letal: por qu√© hay menos enfermos graves https://t.co/v5XOScXt2o https://t.co/ddtGxGMlSh"
375,"üìûSi tiene s√≠ntomas o dudas del #Coronavirus COVID-19, contacte con la l√≠nea de atenci√≥n ciudadana al 148. No te automediques y permanec√© en su domicilio 

 # QuedateEnCasa 
# CuidarteEsCuidarnos https://t.co/2MzSHAcAmX"
376,"#URGENTE Dieron positivo para #Coronavirus 52 trabajadores mas de la sede de Plaza Caracas del Ministerio de Salud. M√°s en

https://t.co/cesPCl6wMR"
377,"Sanidad registra 177 nuevos contagios por coronavirus en las √∫ltimas 24 horas, 94 de ellos en la Comunidad de Madrid https://t.co/KdOe8gJk5W a trav√©s de @eldiarioes Consecuencias de las manifas alentadas por la extrema derecha de PP y Vox de fascistas, pijofachas y Cayetanos"
378,"Joder, y seguimos pidiendo nuevas oportunidades! Quien mata o maltrata a un animal deber√≠a ir directo a la c√°rcel de por vida, la l√≠nea entre eso y hacerlo con una persona es muy muy delgada!!!  gente as√≠ es la q se merece el coronavirus como m√≠nimo... Que impotencia!!! https://t.co/lHTkTm5Efd"
379,Guterres indic√≥ que las vacunas son la intervenci√≥n de salud p√∫blica m√°s importante de la historia: https://t.co/DcehRsYfCZ https://t.co/e39y2QiL7D
380,"Seamos sinceros que M√ÅS DE UNO SE HA HECHO ESTAS PREGUNTAS en estos d√≠as, lo virtual tom√≥ un papel importante, este tipo de cuestiones no pueden quedar fuera. Ser√° necesario volver al modelo viejo o transformarlo? #rudeviernes #iglesia #coronavirus #cristianismo #semaforoamarillo https://t.co/TyO0DxT4Dy"
381,Los m√©dicos a√∫n tratan de descubrir c√≥mo se relaciona el S√≠ndrome Inflamatorio Multisist√©mico con la infecci√≥n por #coronavirus. El Ministerio de Salud anunci√≥ que crear√° un nuevo sistema de vigilancia para ni√±os en Ecuador. ¬ª https://t.co/yi1EJreEMR #COVID19
382,Las cifras actualizadas del avance del #coronavirus en #Ecuador registran 42.106 casos confirmados y 3.592 personas fallecidas. Revisa el mapa de contagios. ‚¨áÔ∏è
383,"üìçDesde que inici√≥ la reactivaci√≥n paulatina de actividades a finales de marzo, el toque de queda presenta distintos horarios 
üåéTe invitamos a que leas el articulo del diario El Universo para enterarte m√°s sobre el tema:
https://t.co/AaNKfqCEeo"
384,"#Internacionales | #Chile este viernes 5 de junio del 2020 report√≥ 1 448 fallecidos. El ministro de Salud, Jaime Ma√±alich, inform√≥ de 4 207 nuevos contagios y 92 fallecidos por #coronavirus en las √∫ltimas 24 horas. Luego de tres meses despu√©s del primer caso en el pa√≠s. https://t.co/lNNOsfO82k"
385,"Petr√≥leo ya supera los 40 USD

https://t.co/S4Oing6HF5"
386,"SOLO PERIODISMO: Al menos 127 periodistas han muerto de coronavirus en 31 pa√≠ses
https://t.co/9gFM5KNahe"
387,"SOLO PERIODISMO: C√≥mo cambi√≥ el coronavirus el trabajo de los periodistas
https://t.co/PB6SIfQrxh"
388,"üî¥#ACTUALIZACI√ìN l Estas son las cifras en torno al #coronavirus en #Ecuador 
üõë 41575 casos confirmados
üõë 3534 fallecidos por #covid-19
üõë 2356 fallecidos por probable #coronavirus
‚úÖ  4100 recuperados 
‚úÖ 4727 con alta hospitalaria
‚úÖ 11741 con alta epidemiol√≥gica https://t.co/IYJgzCAhuJ"
389,Coronavirus: deudos har√°n un plant√≥n en Guayaquil por cad√°veres¬†desaparecidos https://t.co/cG44kUcX7g
390,"#ALARMANTE | #CORONAVIRUS
1.473 #muertes a causa de la #Covid_19 en un d√≠a se reportaron en Brasil.

https://t.co/GmXKgXTUBK"
391,Cont√°ctanos: 0997882919-0987224214 ‚úÖ100 lavadas ‚úÖgarantizada ‚úÖcon mucha protecci√≥n #COVID„Éº19 #QuedateEnCasa #Quito #Luest #coronavirus #protecci√≥n #cuarentena #Ecuador #MedioAmbiente #salud https://t.co/IRr7HnqeQT
392,"La ONU pidi√≥ una ‚Äúvacuna del pueblo‚Äù contra el #coronavirus ‚Äúpara que cada persona tenga acceso‚Äù a ella

M√°s detalles üëâüîó https://t.co/3Un5Ec2Up7"
393,"""Es dif√≠cil imaginar algo m√°s indigno que ver pudrirse a un ser amado o tener que enterrarlo entre cuatro endebles paredes corrugadas""

https://t.co/bpPsEjaJDg"
394,"La OMS recomend√≥ que en lugares con transmisi√≥n generalizada de #coronavirus todas las personas que no puedan mantener con otras la distancia de dos metros, como por ejemplo en el transporte p√∫blico, utilicen tapabocas de tela. ¬ª https://t.co/As6oaomY4h
#COVID„Éº19"
395,"Empresas reactivadas: Hillary Resort vuelve a operar y Continental Tire retoma producci√≥n de neum√°ticos

#ActualidadTuristicaEc
https://t.co/ArFUn7ptFq
El Universo https://t.co/z04fZXQKfC"
396,"[EN RESUMEN] | Despu√©s de un d√≠a sin entregar la informaci√≥n sobre la evoluci√≥n de la pandemia, el Ministerio de Salud (@Salud_Ec) registr√≥ 106 fallecidos y 1.140 nuevos contagios de #COVID„Éº19. ¬ª https://t.co/G0hRwxiSW0 https://t.co/k0OCs4mFAP"
397,üò¢ chucha que impotencia !!! ya que nos lleve el coronavirus y dejemos el mundo a los animales. https://t.co/hEGreVEUh0
398,"Miguel Bos√© califica al coronavirus como ""la gran mentira de los Gobiernos"" https://t.co/atf3axp05C"
399,"#ULTIMAHORA 
Luego de 72 a√±os al aire, se anuncia el cierre de Radio Ondas Azuayas 1110 AM, de #Cuenca. Seg√∫n colaboradores de la emisora, estar√° activa hasta la pr√≥xima semana.
#Noticias #Ecuador #Coronavirus https://t.co/EAu4IVo5XT"
400,üî¥ #√öltimaHora | Se registran 42106 casos confirmados de #coronavirus en #Ecuador. üá™üá®ü¶† https://t.co/QaZYtP7UO0
401,"La Fiscal√≠a investiga si existe un grupo criminal detr√°s de la campa√±a de bulos contra el Gobierno sobre el coronavirus https://t.co/TBzLIaoTyR a trav√©s de @el_pais 
Es m√°s f√°cil que vayan directamente a las sedes de PP y Vox"
402,"#ATENCI√ìN | Los contagios en #Quito aumentan mientras la ciudad vive la nueva normalidad. Entre el 3 y el 5 de junio, registra 196 nuevos casos de #COVID„Éº19. La cifra pas√≥ de 3.842 a 4.038. #Guayas sigue siendo la provincia con m√°s contagios con 14.326. ¬ª https://t.co/G0hRwxiSW0 https://t.co/KdMfGI97t5"
403,√öLTIMO REPORTE oficial de casos de #CoronavirusEnEcuador ‚ñ∫ https://t.co/d7oOqRqNHF https://t.co/Gv2ajN1smB
404,"Coronavirus en Colombia | El caso de la vigilante Edy Fonseca: ""Me retuvieron en un edificio de clase alta durante la pandemia, lo acept√© y me siento culpable"" https://t.co/49vy79jwbq https://t.co/MeHgsKYrmE"
405,"#ATENCI√ìN | Adem√°s, hay 56.745 casos de #COVID„Éº19 descartados: 45.129 con pruebas PCR y 11.616 con pruebas r√°pidas. ¬ª https://t.co/G0hRwxiSW0 https://t.co/Hr4F1Em2Rl"
406,Estas son las cifras de los casos de coronavirus en Ecuador de este viernes 5 de junio de 2020-&gt; https://t.co/ZFFFR1Ly8q https://t.co/Az2bCQ4RPz
407,"#ATENCI√ìN | En el informe entregado hoy por las autoridades constan las cifras recopiladas el mi√©rcoles 4 y el jueves 5 de junio. De acuerdo con los datos oficiales, en #Ecuador hay 4.100 pacientes recuperados y 4.801 con alta hospitalaria. ¬ª https://t.co/G0hRwxiSW0
#COVID„Éº19 https://t.co/nvhzEtavBh"
408,"Brasil es el segundo pa√≠s del mundo con m√°s contagios de coronavirus, solo detr√°s de Estados Unidos. Pero estaba mejor preparado que muchos otros de la regi√≥n. Entonces, ¬øqu√© pas√≥? @elhilopodcast lo explica. https://t.co/CyhdY8ttKy"
409,"#ATENCI√ìN | En estas 48 horas, #Ecuador registr√≥ 106 fallecidos. El n√∫mero de decesos por #COVID„Éº19 pas√≥ de 3.486 a 3.592. ¬ª https://t.co/G0hRwxiSW0 https://t.co/XxDL8CxmmL"
410,"Cifras de #CoronavirusEnEcuador de este 5 de junio de 2020, seg√∫n reporte oficial ‚ñ∫ https://t.co/d7oOqRqNHF https://t.co/dX4nJZ5tPW"
411,El ni√±o que habr√≠a predicho la pandemia de coronavirus habla sobre otra¬†cat√°strofe https://t.co/6Y7L5b0wHG
412,"La subsecretaria de Salud P√∫blica de Chile, Paula Daza, inform√≥ este viernes 5 de junio que en las √∫ltimas 24 horas se registraron 92 muertes asociadas al nuevo coronavirus, la cifra m√°s alta de fallecidos en un solo d√≠a desde el inicio de la pandemia en esta naci√≥n sudamericana. https://t.co/Vu9iTctlds"
413,"#ATENCI√ìN | #Ecuador suma 1.140 contagios de #COVID„Éº19  en 48 horas, alcanzando un total de 42.106 casos confirmados. ¬ª https://t.co/G0hRwxiSW0 https://t.co/J4WRwpAPiE"
414,#ATENCI√ìN ACTUALIZACI√ìN DE CIFRAS Suben los casos confirmados de #coronavirus en #Ecuador-&gt; https://t.co/GVsXc5DTee https://t.co/JALfdhTycM
415,"Los USA, los ecuatorianos y especialmente los informarles de Quito y guayacos dar√°n al mundo la caracter√≠stica de la conducta epidemiol√≥gica del coronavirus. Se debe esperar pocos d√≠as para observar la curva epid√©mica..."
416,https://t.co/g8WoE5CPd0 Que dir√° el director del @DANE_Colombia con estos datos....
417,¬øCu√°ndo estar√° disponible una vacuna para el #COVID19? Los ensayos cl√≠nicos se har√°n con humanos este mes en Brasil. ‚¨áÔ∏èhttps://t.co/ytRjwVdbXU
418,"El cantante espa√±ol Miguel Bos√© califica al coronavirus como ‚Äúla gran mentira de los Gobiernos‚Äù
https://t.co/gkntUTwoFJ https://t.co/ejkRcMBaY8"
419,"El que les permiti√≥ robar es tan culpable como el que roba, es m√°s,  sabiendo los antecedentes que gozaban estos delincuentes, por compromisos reparti√≥ los puestos claves, el pa√≠s est√° enfermo y no s√≥lo de coronavirus, su curaci√≥n requiere extirpar este c√°ncer llamado corrupci√≥n"
420,"#LAMENTABLE | #MANAB√ç
En #La_Manga_del_Cura se registran aglomeraciones en los puntos de concentraci√≥n comercial, sin las debidas precauciones para evitar contagios de #coronavirus.
Una muestra ocurri√≥ hoy, en las calles 26 de Julio y Mar√≠a Pinto, en la parroquia Santa Mar√≠a. https://t.co/SxXLV7IDAL"
421,Independiente del Valle no se queda atr√°s en su proceso de retomar las actividades. El equipo se realiz√≥ pruebas de #coronavirus. üëáhttps://t.co/69X2RG86Wn
422,"Miguel Bos√© califica al coronavirus como ""la gran mentira de los Gobiernos"" - https://t.co/6hKjUkpCSM https://t.co/OC5IXQEGwo"
423,Un tercio de los j√≥venes latinoamericanos resta importancia al coronavirus - https://t.co/v5Bh73SXgH https://t.co/1BKHbt2wOv
424,"PREOCUPACI√ìN EN BRASIL‚Äº
El equipo de #Cear√° üáßüá∑, anunci√≥ 17 (9 futbolistas) casos positivos de #coronavirus ü¶†. El club no dio a conocer los nombres, y estar√°n en aislamiento hasta una nueva prueba.

#PontePlay #DalePlay https://t.co/xCfT3zfzEP"
425,"A m√°s de caso fortuito o fuerza mayor, un contrato es inejecutable si las circunstancias en que se suscribi√≥ cambiaron dr√°sticamente, como en el caso de la pandemia del Coronavirus que ocasion√≥ la quiebra de muchos.Debe existir relaci√≥n evidente con la imposibilidad de cumplirlo."
426,El ni√±o que habr√≠a predicho la pandemia del Covid-19 asegura saber la fecha en que terminar√°-&gt;https://t.co/zjLnOM99kY https://t.co/lRr9HOYXkF
427,"El abogado de George Floyd, el afroamericano asesinado por la Polic√≠a, enfatiza que lo que mat√≥ a George fue la pandemia de racismo en EE.UU., no la COVID-19.

Texto completo: https://t.co/HcFns97Kc0
@HispanTVcanal"
428,"#FARANDULA ü§© El artista espa√±ol Miguel Bos√© se refiri√≥ al coronavirus, que ha causado miles de muertes en el mundo, como ""la gran mentira de los Gobiernos"". #LaW üéßüòÉ #PasionPorLaMusica üé∂üéâ https://t.co/u8ByEgm9pj"
429,"#Coronavirus | Bolivia cerr√≥ tres ministerios y las embajadas en Nicaragua e Ir√°n para ahorrar recursos y destinarlos a la lucha contra el #Covid_19

‚ñ∂Ô∏è https://t.co/ASK2izbqzW https://t.co/hd91DMU6Y6"
430,"Sugiero a la Fiscal√≠a bajar las revoluciones y preparar mejor las pruebas. No saca nada el pa√≠s con que vaya un escuadr√≥n a llevarse detenida a gente si por falta de prueba van a salir libres casi de inmediato, pues as√≠ manda la Ley. @Lenin #coronavirus #FiscaliaEc #Ecuador"
431,"#Atenci√≥n 
Un gigante farmac√©utico buscar√° producir 2.000 millones de dosis de su posible vacuna contra el coronavirus y entregar√° la mitad a pa√≠ses en desarrollo
M√°s informaci√≥n: https://t.co/NyValAAe1J https://t.co/mDrsW2n0QL"
432,El Ministerio de Salud informa que el jueves 4 de junio Ecuador registr√≥ 3534 muertos por coronavirus y 2356 fallecidos probables por COVID-19-&gt;https://t.co/5MxDsltgAd https://t.co/WrPzJJP20I
433,Gracias al aporte de nuestro amigo Danny hahaha por ac√° se habla de reaperturas de centros de reuni√≥n... ¬øSer√° prudente hacerlo? #rudeviernes #iglesia #fe #coronavirus #semaforoamarillo #uio #ecuador #covidec #religion #cristianismo https://t.co/mcn6MenDXy
434,"El #coronavirus nada les ha dejado, nada aprendieron, se convirtieron en  monstruos, siguen matando, robando y destruyendo lo √∫nico que nos queda. https://t.co/6NHWGiOLRB"
435,"¬°Con todas las de ley!
https://t.co/yvU4Ynbjm6"
436,#ATENCI√ìN Aumentan los casos confirmados de #coronavirus en #Ecuador-&gt; https://t.co/WefpcJmCr7 https://t.co/blIlGqwEQ9
437,"¬øA esta altura del partido producir√≠an algo que no vaya a funcionar?
BBC News - Coronavirus: AstraZeneca to begin making potential vaccine https://t.co/sQiQ08o2pT"
438,"Se levant√≥ un nuevo punto de Atenci√≥n Fronterizo contra el COVID-19 en Yaguachi, la cual funcionar√° como campamento m√©dico en ese lugar para brindar atenci√≥n temprana a los pacientes con sintomatolog√≠a de coronavirus, mediante el triaje respiratorio. https://t.co/8oPwE6DAhk"
439,"Los murci√©lagos son vistos como plagas, animales peligrosos y transmisores del nuevo coronavirus. Un programa de conservaci√≥n en Ecuador busca protegerlos a trav√©s de la creaci√≥n de √°reas de conservaci√≥n y talleres de educaci√≥n para ni√±os y adultos.
https://t.co/iynP6z8V1G"
440,"Que empiecen los verdaderos juegos #vacunas qui√©n se coronar√° ganador de la carrera #coronavirus ?
#EEUU #Rusia #China"
441,Coronavirus y empleo: c√≥mo prepararse para buscar trabajo durante y despu√©s de la cuarentena ‚ñ∫ https://t.co/kNBZ64bHzK https://t.co/lCtEPDpUfC
442,Venezuela supera los 2.000 casos de coronavirus.-https://t.co/CF5bmiIKK1 https://t.co/VXiCcy9n4t
443,#Nacionales | El gremio del taxismo en #Guayas comenz√≥ con la realizaci√≥n de pruebas r√°pidas para #coronavirus esto con el objetivo de determinar la presencia del virus en los conductores y promover una reactivaci√≥n segura del sector. https://t.co/bLXzq3RWxJ
444,Bill Gates responde a las teor√≠as conspirativas sobre microchips y propagandas del coronavirus en las que le involucran.-https://t.co/yBiFg6LkOC https://t.co/p3A3xQgPmd
445,"El Ministerio de salud expuso la tarde de ayer datos oficiales sobre el avance del COVID-19 en Ecuador, hasta ahora son 3534 fallecidos por el virus y contagiados  41575, Guayas es la provincia con m√°s fallecidos del pa√≠s, seguida por Manab√≠.

Fuente: https://t.co/GT2VobeFRT https://t.co/8qv2xpMFOK"
446,"@I8Despotus E incremente, autopsia indic√≥ ten√≠a coronavirus,  debi√≥ estar en cuarentena. Cada uno busca su destino"
447,"En #Quito, las ventas ambulantes preocupan a las autoridades, pues podr√≠an ser un foco de contagios de #coronavirus en la capital."
448,"Mayu, en este otro reportaje, tambi√©n habla de c√≥mo la miner√≠a no se interrumpi√≥ a pesar de la cuarentena: 

https://t.co/v96Hr5D2yq"
449,"En la cobertura que cruza el medioambiente con los derechos ind√≠genas, en los √∫ltimos meses hemos publicado reportajes para mostrar c√≥mo el covid-19 es solo un problema m√°s que se suma a su vida diaria, como lo cuenta @mayestefi ac√°:

https://t.co/4fVAUWqvux"
450,"Pero aqui en Guayaquil estan diciendo que ya no hay coronavirus, que ya no existe https://t.co/YGQdaBrf8u"
451,"Coronavirus ah√≠ te voy. en Cuenca, Ecuador https://t.co/hnbaCtX5qN"
452,fucking coronavirus en serio me quer√≠a ir de intercambio‚òπÔ∏è
453,"En rueda de prensa, el presidente de #EEUU üá∫üá∏, #DonaldTrump, dijo que la peor parte de la crisis del #coronavirus ya qued√≥ atr√°s.
""Ten√≠amos la mayor econom√≠a de la historia. Y esa fuerza nos permiti√≥ superar esta horrible pandemia, que ya hemos superado en gran medida"", agreg√≥ https://t.co/6sYWzcc6Cf"
454,".Cear√°, de la primera divisi√≥n del f√∫tbol brasile√±o üáßüá∑, inform√≥ que hay 17 personas contagiadas con el coronavirus

üî¥ Nueve de los afectados son jugadores

Realizaron 148 pruebas r√°pidas y 69 PCR para todo la plantilla, personal administrativo, familiares y empleados del club. https://t.co/WWnr8QErS9"
455,"Este derivado de la cloroquina es prohibido en algunos pa√≠ses y fomentado en otros. Pero, ¬øes o no eficaz para tratar el nuevo coronavirus? https://t.co/LjbSGJVjRj"
456,"Entrenadores de la Bundesliga pidieron esta semana relajar las medidas del protocolo sanitario contra el coronavirus, impuestas en Alemania desde el regreso del f√∫tbol a mediados de mayo, argumentando la mejora general de la situaci√≥n. https://t.co/Ixp9D0BrTS"
457,"üî¥ #√öltimaHora | Se registran 41575 casos confirmados de #coronavirus en #Ecuador, corte del 4 de junio de 2020. ‚ö†Ô∏è üá™üá®ü¶† https://t.co/uQfIOPqqfn"
458,"#Bolivia| Un aumento inusitado de contagiados y fallecidos por el nuevo coronavirus tres d√≠as despu√©s de que se suspendiera la cuarentena llev√≥ a las autoridades bolivianas a advertir con regresar al aislamiento.

#ElUniverso https://t.co/gv2Cnu1rOU"
459,"En #Rumania, un artesano se levanta de la crisis que deja el #coronavirus, creando un calzado apropiado marcar la distancia social.  https://t.co/tsPQwsj3hv"
460,"La¬†Federaci√≥n de F√∫tbol Italiana¬†(FIGC)anunci√≥ la creaci√≥n de un fondo econ√≥mico de 21,7 millones de euros para ayudar a los clubes de las divisiones inferiores y del¬†f√∫tbol femenino¬†a hacer frente a¬†la crisis causada por el coronavirus. https://t.co/twqFZ6lUmO"
461,#CIENCIA | Un influyente estudio que hall√≥ que la hidroxicloroquina aumenta el riesgo de muerte en pacientes con #coronavirus fue retirado de la revista cient√≠fica The Lancet. Esto ocurre una semana despu√©s suspender los ensayos del f√°rmaco. ¬ª https://t.co/Ent8eCBWk7 #Covid_19
462,Como el coronavirus. https://t.co/jAQz8eGEeu
463,Un gigante farmac√©utico buscar√° producir 2.000 millones de dosis de su posible vacuna contra el coronavirus y entregar√° la mitad a pa√≠ses en desarrollo | Infobae https://t.co/lOn9B3tBPv https://t.co/MGeUBsfoZ8
464,"¬°Forma parte del Multifest School! üé¨
En esta edici√≥n, la tem√°tica para desarrollar los trabajos es: ‚ÄúEl coronavirus en el Ecuador‚Äù. Cu√©ntanos, en una propuesta, las diferentes representaciones visuales sobre esta pandemia.

*Inscr√≠bete aqu√≠ üëâ https://t.co/aVvaRESavd https://t.co/lJwmURhMuU"
465,"@merfercas73 @Gloria68935258 @JosManuelPuent5 No ha m√°s ciego q quien no quiere ver.
https://t.co/6iLVImRvwy"
466,No quiero decir lo que estoy pensando!! George Floyd dio positivo para coronavirus de acuerdo con autopsia estatal https://t.co/aRvlt3uk42 https://t.co/vuxj3LsQcv
467,A nuevas pruebas se sometieron los jugadores del equipo canario para la detecci√≥n del coronavirus.  https://t.co/Q4ceBnSOqM https://t.co/Jy45R1R59U
468,Coronavirus en Argentina: 5 controversias de la estricta cuarentena - https://t.co/Jnu3Gk78xJ https://t.co/KcnxTagzkD
469,"‚ÄúEl coronavirus sufre soroche pero no pierde toda su agresividad en la altura‚Äù

El equipo de Soliz establece que a m√°s de 2.500 metros el virus pierde agresividad y que los habitantes de altura desarrollan factores fisiol√≥gicos de protecci√≥n. https://t.co/ZGe45Wz5BZ"
470,"Actualizaci√≥n de cifras de #coronavirus en #Ecuador 

M√°s detalles üëâüîó https://t.co/IX2SehSWC0 https://t.co/QWAvAdnrDs"
471,"@FranklinNuques Se estan quedando varados los ""emprendedores"" q aparecieron MISTERIOSAMENTE junto con el coronavirus"
472,"üåç #Mundo | Datos actualizados el 5 de junio de 2020.
Los detalles ‚¨áÔ∏è
https://t.co/1IZtsu0xgr"
473,‚ÄúLa Organizaci√≥n Mundial de la Salud reanuda el ensayo de hidroxicloroquina como tratamiento potencial para el coronavirus.‚Äù https://t.co/I4V1yh9pVA
474,"El mapa mundial del coronavirus: m√°s de 6,6 millones de casos y m√°s de 391.000 muertos en todo el mundo

https://t.co/vMBcpjPiKl https://t.co/QYKyJVVAE7"
475,"¬°Recuerda‚ùó la emergencia sanitaria no ha terminado.

No salgas de casa si no es necesario y, si lo haces, aplica de forma estricta los protocolos recomendados para precautelar tu salud y la de todos.

¬°Al #Coronavirus lo vencemos juntos! üí™üíö

#Qu√©dateEnCasa üè† https://t.co/ERQ96QKngz"
476,"#CoronavirusEnEcuador. Cifras oficiales hasta el 4 de junio, difundidas este viernes 5: Suman 41 575 los casos confirmados ‚ñ∫ https://t.co/yocoo7FCqd https://t.co/Tq52GiagDQ"
477,"""Desde que inici√≥ la pandemia a causa del Coronavirus, hemos realizado donaciones de insumos m√©dicos para el personal sanitario que se encuentra luchando por la vida de miles de ecuatorianos. Nuestro principal objetivo ha sido el desarrollo y la reproducci√≥n ..."
478,"üìûSi tiene s√≠ntomas o dudas del #Coronavirus COVID-19, contacte con la l√≠nea de atenci√≥n ciudadana al 148. No te automediques y permanec√© en su domicilio 

 # QuedateEnCasa 
# CuidarteEsCuidarnos https://t.co/QlFysMTidI"
479,"#WQNoticias/ Las primeras protestas importantes contra el gobierno de Jair Bolsonaro desde el inicio de la pandemia del nuevo coronavirus fueron convocadas por ‚Äúhinchadas organizadas‚Äù de clubes brasile√±os de f√∫tbol.
https://t.co/m8no2lPpZ6 https://t.co/YdAhXP7rdb"
480,"Este viernes foro ‚Äúla gen√©tica de los coronavirus‚Äù.
https://t.co/D0zZQl4P49 https://t.co/8a9ebz0Acb"
481,"#CIENCIA
Compartimos el bolet√≠n 4 del Observatorio de la Pr√°ctica Sanitaria de la Universidad Central del Ecuador con el tema #Coronavirus
Rev√≠salo en el link: https://t.co/zX2oOMtBZk https://t.co/XmQihm4ssQ"
482,"En Ecuador hace falta que la ciencia m√©dica sea m√°s escuchada; que @Salud_Ec agilice los permisos para investigaci√≥n; y que la empresa privada se le una para trabajar en conjunto.

Coronavirus: ""Hace falta que en Ecuador la ciencia sea m√°s escuchada‚Äù https://t.co/1zmDvK1Qkq"
483,La lluvia y yo te andamos buscando con las mismas intenciones! #semaforoamarillo #Quito #Ecuador #coronavirus
484,"Es necesario que el Ministerio de Salud P√∫blica sea m√°s √°gil al otorgar los permisos para investigaci√≥n cient√≠fica, dice √Ångel Guevara, presidente de @CienciasEcuador
@Salud_Ec

Coronavirus: ""Hace falta que en Ecuador la ciencia sea m√°s escuchada‚Äù https://t.co/1zmDvK1Qkq"
485,¬øSirve lavar la ropa tras haber estado en la calle para evitar el contagio de coronavirus? https://t.co/jNPfOoo25g
486,"üì∞.#5Junio - .#Ecuadorüá™üá® ‚ñ∂Ô∏è Se aprueba el nuevo manual de aprehensiones del @SENAE_Aduana.

‚û°Ô∏è https://t.co/Dz7rrUF1ai 

#News #Noticias #Informativo #Actualidad #YoSoyPlay #PlayTv #PlayMagazine #RadioPlay #newspaper #revista #magazine #peri√≥dico #health #COVID19 #coronavirus https://t.co/ihudLl5zyp"
487,"El #PrincesadeAsturias  de la Concordia premia a los sanitarios espa√±oles frente al #coronavirus  

https://t.co/vLCF5JDGZH"
